40542,Ontario,Hamilton,Civil and Biomedical Engineering Co-Op (B.Eng.BME),https://academiccalendars.romcmaster.ca/preview_program.php?catoid=32&poid=18735&returnto=6690,McMaster University,14-Engineering,University
11462,Ontario,Windsor,Aerospace Engineering (with optional Co-op),http://www.uwindsor.ca/studentrecruitment/471/aerospace-engineering-optional-co-op,University of Windsor,14-Engineering,University
45374,British Columbia,Vancouver,Applied Science for Engineering Diploma,https://langara.ca/programs-and-courses/programs/applied-science-for-engineering/index.html,Langara College,14-Engineering,University
41538,Ontario,Windsor,Automotive Engineering (with optional Co-op),http://www.uwindsor.ca/studentrecruitment/472/automotive-engineering-optional-co-op,University of Windsor,14-Engineering,University
34701,Nova Scotia,Wolfville,Bachelor of Applied Science - 3 Year Program,http://engineering.acadiau.ca/basc.html,Acadia University,14-Engineering,University
28206,Ontario,Waterloo,Bachelor of Applied Science and Bachelor of Software Engineering - Software Engineering,http://ugradcalendar.uwaterloo.ca/page/ENG-Software-Engineering,University of Waterloo,14-Engineering,University
51221,Ontario,Waterloo,Bachelor of Applied Science in Architectural Engineering,http://ugradcalendar.uwaterloo.ca/page/ENG-Architectural-Engineering,University of Waterloo,14-Engineering,University
28166,Ontario,Waterloo,Bachelor of Applied Science in Biomedical Engineering - Biomechanics,http://ugradcalendar.uwaterloo.ca/page/ENG-Biomedical-Engineering,University of Waterloo,14-Engineering,University
51218,Ontario,Waterloo,Bachelor of Applied Science in Biomedical Engineering - Biomedical devices,http://ugradcalendar.uwaterloo.ca/page/ENG-Biomedical-Engineering,University of Waterloo,14-Engineering,University
28224,Ontario,Waterloo,Bachelor of Applied Science in Biomedical Engineering - Biomedical signals,http://ugradcalendar.uwaterloo.ca/page/ENG-Biomedical-Engineering,University of Waterloo,14-Engineering,University
4492,Ontario,Waterloo,Bachelor of Applied Science in Chemical Engineering,http://ugradcalendar.uwaterloo.ca/page/ENG-Chemical-Engineering,University of Waterloo,14-Engineering,University
23956,British Columbia,Vancouver,Bachelor of Applied Science in Chemical Engineering,https://you.ubc.ca/ubc_programs/chemical-engineering/,University of British Columbia,14-Engineering,University
20639,British Columbia,Vancouver,Bachelor of Applied Science in Chemical and Biological Engineering,https://you.ubc.ca/ubc_programs/chemical-biological-engineering/,University of British Columbia,14-Engineering,University
40777,Ontario,Waterloo,Bachelor of Applied Science in Civil Engineering,http://ugradcalendar.uwaterloo.ca/page/ENG-Civil-Engineering,University of Waterloo,14-Engineering,University
5459,British Columbia,Vancouver,Bachelor of Applied Science in Civil Engineering,https://you.ubc.ca/ubc_programs/civil-engineering-vancouver/,University of British Columbia,14-Engineering,University
28174,Ontario,Waterloo,Bachelor of Applied Science in Civil Engineering - Geotechnical Engineering,http://ugradcalendar.uwaterloo.ca/page/ENG-Civil-Engineering,University of Waterloo,14-Engineering,University
28152,Ontario,Waterloo,Bachelor of Applied Science in Civil Engineering - Infrastructure Management and Construction,http://ugradcalendar.uwaterloo.ca/page/ENG-Civil-Engineering,University of Waterloo,14-Engineering,University
30377,British Columbia,Kelowna,Bachelor of Applied Science in Civil Engineering - Okanagan,https://you.ubc.ca/ubc_programs/civil-engineering-okanagan/,University of British Columbia,14-Engineering,University
4498,Ontario,Waterloo,Bachelor of Applied Science in Computer Engineering,http://ugradcalendar.uwaterloo.ca/page/ENG-Computer-Engineering,University of Waterloo,14-Engineering,University
30001,British Columbia,Vancouver,Bachelor of Applied Science in Computer Engineering,https://you.ubc.ca/ubc_programs/computer-engineering/,University of British Columbia,14-Engineering,University
4490,Ontario,Waterloo,Bachelor of Applied Science in Electrical Engineering,http://ugradcalendar.uwaterloo.ca/page/ENG-Electrical-Engineering,University of Waterloo,14-Engineering,University
20640,British Columbia,Vancouver,Bachelor of Applied Science in Electrical Engineering,https://you.ubc.ca/ubc_programs/electrical-engineering-vancouver/,University of British Columbia,14-Engineering,University
30840,British Columbia,Kelowna,Bachelor of Applied Science in Electrical Engineering - Okanagan,https://you.ubc.ca/ubc_programs/electrical-engineering-okanagan/,University of British Columbia,14-Engineering,University
5446,British Columbia,Vancouver,Bachelor of Applied Science in Engineering Physics,https://you.ubc.ca/ubc_programs/engineering-physics/,University of British Columbia,14-Engineering,University
4486,Ontario,Waterloo,Bachelor of Applied Science in Environmental Engineering,http://ugradcalendar.uwaterloo.ca/page/ENG-Environmental-Engineering,University of Waterloo,14-Engineering,University
30002,British Columbia,Vancouver,Bachelor of Applied Science in Environmental Engineering,https://you.ubc.ca/ubc_programs/environmental-engineering/,University of British Columbia,14-Engineering,University
48605,British Columbia,Prince George,Bachelor of Applied Science in Environmental Engineering,https://www.unbc.ca/calendar/undergraduate/environmental-engineering,University of Northern British Columbia,14-Engineering,University
23139,British Columbia,Prince George,Bachelor of Applied Science in Environmental Engineering, Joint Degree UNBC/UBC,https://www.unbc.ca/engineering-undergraduate/environmental-engineering-unbc/ubc,University of Northern British Columbia,14-Engineering,University
4500,Ontario,Waterloo,Bachelor of Applied Science in Geological Engineering,http://ugradcalendar.uwaterloo.ca/page/ENG-Geological-Engineering,University of Waterloo,14-Engineering,University
5452,British Columbia,Vancouver,Bachelor of Applied Science in Geological Engineering,https://you.ubc.ca/ubc_programs/geological-engineering/,University of British Columbia,14-Engineering,University
20641,British Columbia,Vancouver,Bachelor of Applied Science in Integrated Engineering,https://you.ubc.ca/ubc_programs/integrated-engineering/,University of British Columbia,14-Engineering,University
5445,British Columbia,Vancouver,Bachelor of Applied Science in Materials Engineering,https://you.ubc.ca/ubc_programs/materials-engineering/,University of British Columbia,14-Engineering,University
40817,Ontario,Waterloo,Bachelor of Applied Science in Mechanical Engineering,http://ugradcalendar.uwaterloo.ca/page/ENG-Mechanical-Engineering,University of Waterloo,14-Engineering,University
5453,British Columbia,Vancouver,Bachelor of Applied Science in Mechanical Engineering,https://you.ubc.ca/ubc_programs/mechanical-engineering-vancouver/,University of British Columbia,14-Engineering,University
30839,British Columbia,Kelowna,Bachelor of Applied Science in Mechanical Engineering - Okanagan,https://you.ubc.ca/ubc_programs/mechanical-engineering-okanagan/,University of British Columbia,14-Engineering,University
5462,British Columbia,Vancouver,Bachelor of Applied Science in Mining Engineering,https://you.ubc.ca/ubc_programs/mining-engineering/,University of British Columbia,14-Engineering,University
35231,Ontario,Ottawa,Bachelor of Computer Science in Software Engineering - Computer Science,http://admissions.carleton.ca/programs/software-engineering-computer-science/,Carleton University,14-Engineering,University
6587,Ontario,Guelph,Bachelor of Computing in Software Engineering,https://admission.uoguelph.ca/bcomp/se,University of Guelph,14-Engineering,University
26803,Alberta,Edmonton,Bachelor of Design  Engineering Route,http://apps.admissions.ualberta.ca/programs/ar/ar540/enggr1,University of Alberta,14-Engineering,University
36521,Ontario,Ottawa,Bachelor of Engineering,http://admissions.carleton.ca/programs/engineering/,Carleton University,14-Engineering,University
33940,Ontario,Oshawa,Bachelor of Engineering (Honours) in Manufacturing Engineering,https://ontariotechu.ca/programs/engineering-and-applied-science/manufacturing-engineering-manufacturing-engineering-and-management.php,OntarioTech University,14-Engineering,University
33934,Ontario,Oshawa,Bachelor of Engineering (Honours) in Mechanical Engineering,https://ontariotechu.ca/programs/engineering-and-applied-science/mechanical-engineering-mechanical-engineering-and-management.php,OntarioTech University,14-Engineering,University
37513,Ontario,Oshawa,Bachelor of Engineering (Honours) in Nuclear Engineering,https://ontariotechu.ca/programs/energy-systems-and-nuclear-science/nuclear-engineering.php,OntarioTech University,14-Engineering,University
30584,Ontario,Cambridge,Bachelor of Engineering - Building Systems Engineering,https://www.conestogac.on.ca/fulltime/bachelor-of-engineering-building-systems-engineering,Conestoga College Institute of Technology and Advanced Learning,14-Engineering,University
50446,Ontario,Thunder Bay,Bachelor of Engineering - Chemical Engineering with Diploma in Engineering Technology (4 Years),https://www.lakeheadu.ca/academics/undergraduate-programs/thunder-bay/engineering/chemical/node/1111,Lakehead University,14-Engineering,University
50448,Ontario,Thunder Bay,Bachelor of Engineering - CivilCivil Engineering with Diploma in Engineering Technology (4 Years),https://www.lakeheadu.ca/academics/undergraduate-programs/thunder-bay/engineering/civil/node/3355,Lakehead University,14-Engineering,University
50449,Ontario,Thunder Bay,Bachelor of Engineering - Electrical Engineering, with Diploma in Engineering Technology (4 Years),https://www.lakeheadu.ca/academics/undergraduate-programs/thunder-bay/engineering/electrical/node/3570,Lakehead University,14-Engineering,University
39508,Ontario,Cambridge,Bachelor of Engineering - Electronic Systems Engineering,https://www.conestogac.on.ca/fulltime/bachelor-of-engineering-electronic-systems-engineering,Conestoga College Institute of Technology and Advanced Learning,14-Engineering,University
50450,Ontario,Thunder Bay,Bachelor of Engineering - Mechanical Engineering with Diploma in Engineering Technology (4 Years),https://www.lakeheadu.ca/academics/undergraduate-programs/thunder-bay/engineering/mechanical/node/3571,Lakehead University,14-Engineering,University
39319,Ontario,Cambridge,Bachelor of Engineering - Mechanical Systems Engineering,https://www.conestogac.on.ca/fulltime/bachelor-of-engineering-mechanical-systems-engineering,Conestoga College Institute of Technology and Advanced Learning,14-Engineering,University
50451,Ontario,Thunder Bay,Bachelor of Engineering - Software Engineering with Diploma in Engineering Technology (4 Years),https://www.lakeheadu.ca/academics/undergraduate-programs/thunder-bay/engineering/software/node/3575,Lakehead University,14-Engineering,University
46772,Ontario,Guelph,Bachelor of Engineering - Undeclared,https://admission.uoguelph.ca/beng/und,University of Guelph,14-Engineering,University
33918,Ontario,Oshawa,Bachelor of Engineering and Management (Honours)  in Manufacturing Engineering,https://ontariotechu.ca/programs/engineering-and-applied-science/manufacturing-engineering-manufacturing-engineering-and-management.php,OntarioTech University,14-Engineering,University
33921,Ontario,Oshawa,Bachelor of Engineering and Management (Honours) in Mechanical Engineering,https://ontariotechu.ca/programs/engineering-and-applied-science/mechanical-engineering-mechanical-engineering-and-management.php,OntarioTech University,14-Engineering,University
35559,Ontario,Oshawa,Bachelor of Engineering and Management (Honours) in Nuclear Engineering,https://ontariotechu.ca/programs/energy-systems-and-nuclear-science/nuclear-engineering.php,OntarioTech University,14-Engineering,University
33924,Ontario,Oshawa,Bachelor of Engineering and Management (Honours) in Software Engineering,https://ontariotechu.ca/programs/engineering-and-applied-science/software-engineering-software-engineering-and-management.php,OntarioTech University,14-Engineering,University
6224,Ontario,Ottawa,Bachelor of Engineering in Aerospace Engineering,http://admissions.carleton.ca/programs/aerospace-engineering/,Carleton University,14-Engineering,University
7198,Ontario,Toronto,Bachelor of Engineering in Aerospace Engineering,https://www.ryerson.ca/programs/undergraduate/aerospace-engineering/,Ryerson University,14-Engineering,University
6527,Ontario,Guelph,Bachelor of Engineering in Biological Engineering,https://www.uoguelph.ca/engineering/undergraduate/prospective/biological,University of Guelph,14-Engineering,University
6542,Ontario,Guelph,Bachelor of Engineering in Biomedical Engineering,https://www.uoguelph.ca/engineering/undergraduate/prospective/biomedical,University of Guelph,14-Engineering,University
33873,Ontario,Toronto,Bachelor of Engineering in Biomedical Engineering,https://www.ryerson.ca/programs/undergraduate/biomedical-engineering/,Ryerson University,14-Engineering,University
41491,British Columbia,Victoria,Bachelor of Engineering in Biomedical Engineering,https://www.uvic.ca/engineering/biomedical/future-students/index.php,University of Victoria,14-Engineering,University
35245,Ontario,Ottawa,Bachelor of Engineering in Biomedical and Electrical Engineering,http://admissions.carleton.ca/programs/biomedical-and-electrical-engineering/,Carleton University,14-Engineering,University
35246,Ontario,Ottawa,Bachelor of Engineering in Biomedical and Mechanical Engineering,http://admissions.carleton.ca/programs/biomedical-and-mechanical-engineering/,Carleton University,14-Engineering,University
7202,Ontario,Toronto,Bachelor of Engineering in Chemical Engineering (Co-Op),https://www.ryerson.ca/programs/undergraduate/chemical-engineering-co-op/,Ryerson University,14-Engineering,University
26351,British Columbia,Burnaby,Bachelor of Engineering in Civil Engineering,https://www.bcit.ca/study/programs/8660beng,British Columbia Institute of Technology (BCIT),14-Engineering,University
2498,Newfoundland and Labrador,St. John's,Bachelor of Engineering in Civil Engineering,https://www.mun.ca/undergrad/programs/engineering/civil.php,Memorial University of Newfoundland,14-Engineering,University
6225,Ontario,Ottawa,Bachelor of Engineering in Civil Engineering,http://admissions.carleton.ca/programs/civil-engineering/,Carleton University,14-Engineering,University
7201,Ontario,Toronto,Bachelor of Engineering in Civil Engineering,https://www.ryerson.ca/programs/undergraduate/civil-engineering/,Ryerson University,14-Engineering,University
42695,British Columbia,Victoria,Bachelor of Engineering in Civil Engineering,https://www.uvic.ca/engineering/civil/,University of Victoria,14-Engineering,University
41892,Ontario,Toronto,Bachelor of Engineering in Civil Engineering,http://futurestudents.yorku.ca/program/civil-engineering,York University,14-Engineering,University
18795,Ontario,Ottawa,Bachelor of Engineering in Communications Engineering,http://admissions.carleton.ca/programs/communications-engineering/,Carleton University,14-Engineering,University
20711,Newfoundland and Labrador,St. John's,Bachelor of Engineering in Computer Engineering,https://www.mun.ca/undergrad/programs/engineering/computer.php,Memorial University of Newfoundland,14-Engineering,University
26698,Ontario,Guelph,Bachelor of Engineering in Computer Engineering,https://www.uoguelph.ca/engineering/undergraduate/prospective/computer,University of Guelph,14-Engineering,University
7200,Ontario,Toronto,Bachelor of Engineering in Computer Engineering,https://www.ryerson.ca/programs/undergraduate/computer-engineering/,Ryerson University,14-Engineering,University
7677,British Columbia,Victoria,Bachelor of Engineering in Computer Engineering,https://www.uvic.ca/engineering/ece/future/undergraduate/computer/index.php,University of Victoria,14-Engineering,University
29834,Ontario,Toronto,Bachelor of Engineering in Computer Engineering,http://futurestudents.yorku.ca/program/computer-engineering,York University,14-Engineering,University
6226,Ontario,Ottawa,Bachelor of Engineering in Computer Systems Engineering,http://admissions.carleton.ca/programs/computer-systems-engineering/,Carleton University,14-Engineering,University
35143,British Columbia,Burnaby,Bachelor of Engineering in Electrical Engineering,https://www.bcit.ca/study/programs/8030beng,British Columbia Institute of Technology (BCIT),14-Engineering,University
2497,Newfoundland and Labrador,St. John's,Bachelor of Engineering in Electrical Engineering,https://www.mun.ca/undergrad/programs/engineering/electrical.php,Memorial University of Newfoundland,14-Engineering,University
6222,Ontario,Ottawa,Bachelor of Engineering in Electrical Engineering,http://admissions.carleton.ca/programs/electrical-engineering/,Carleton University,14-Engineering,University
7197,Ontario,Toronto,Bachelor of Engineering in Electrical Engineering,https://www.ryerson.ca/programs/undergraduate/electrical-engineering/,Ryerson University,14-Engineering,University
7683,British Columbia,Victoria,Bachelor of Engineering in Electrical Engineering,https://www.uvic.ca/engineering/ece/future/undergraduate/electrical/index.php,University of Victoria,14-Engineering,University
42168,Ontario,Toronto,Bachelor of Engineering in Electrical Engineering,http://futurestudents.yorku.ca/program/electrical-engineering,York University,14-Engineering,University
23938,Ontario,Ottawa,Bachelor of Engineering in Engineering Physics,http://admissions.carleton.ca/programs/engineering-physics/,Carleton University,14-Engineering,University
23939,Ontario,Ottawa,Bachelor of Engineering in Environmental Engineering,http://admissions.carleton.ca/programs/environmental-engineering/,Carleton University,14-Engineering,University
18653,Ontario,Toronto,Bachelor of Engineering in Geomatics Engineering,http://futurestudents.yorku.ca/program/geomatic-engineering,York University,14-Engineering,University
7199,Ontario,Toronto,Bachelor of Engineering in Industrial Engineering,https://www.ryerson.ca/programs/undergraduate/industrial-engineering/,Ryerson University,14-Engineering,University
35145,British Columbia,Burnaby,Bachelor of Engineering in Mechanical Engineering,https://www.bcit.ca/study/programs/8020beng,British Columbia Institute of Technology (BCIT),14-Engineering,University
2499,Newfoundland and Labrador,St. John's,Bachelor of Engineering in Mechanical Engineering,https://www.mun.ca/undergrad/programs/engineering/mechanical.php,Memorial University of Newfoundland,14-Engineering,University
6221,Ontario,Ottawa,Bachelor of Engineering in Mechanical Engineering,http://admissions.carleton.ca/programs/mechanical-engineering/,Carleton University,14-Engineering,University
7196,Ontario,Toronto,Bachelor of Engineering in Mechanical Engineering,https://www.ryerson.ca/programs/undergraduate/mechanical-engineering/,Ryerson University,14-Engineering,University
27793,British Columbia,Victoria,Bachelor of Engineering in Mechanical Engineering,https://www.uvic.ca/engineering/mechanical/prospective-students/undergraduate/index.php,University of Victoria,14-Engineering,University
46365,Ontario,Toronto,Bachelor of Engineering in Mechanical Engineering,http://futurestudents.yorku.ca/program/mechanical-engineering,York University,14-Engineering,University
46265,British Columbia,Burnaby,Bachelor of Engineering in Mining and Mineral Resource Engineering,https://www.bcit.ca/study/programs/8610beng,British Columbia Institute of Technology (BCIT),14-Engineering,University
20712,Newfoundland and Labrador,St. John's,Bachelor of Engineering in Ocean and Naval Architectural Engineering,https://www.mun.ca/undergrad/programs/engineering/ocean-naval.php,Memorial University of Newfoundland,14-Engineering,University
2522,Newfoundland and Labrador,St. John's,Bachelor of Engineering in Process Engineering,https://www.mun.ca/undergrad/programs/engineering/process.php,Memorial University of Newfoundland,14-Engineering,University
23940,Ontario,Ottawa,Bachelor of Engineering in Software Engineering,http://admissions.carleton.ca/programs/software-engineering-beng/,Carleton University,14-Engineering,University
42384,Ontario,Toronto,Bachelor of Engineering in Software Engineering,http://futurestudents.yorku.ca/program/software-engineering,York University,14-Engineering,University
29881,Ontario,Toronto,Bachelor of Engineering in Space Engineering,http://futurestudents.yorku.ca/program/space-engineering,York University,14-Engineering,University
35256,Ontario,Ottawa,Bachelor of Engineering in Sustainable and Renewable Energy Engineering,http://admissions.carleton.ca/programs/sustainable-and-renewable-energy-engineering/,Carleton University,14-Engineering,University
15436,Alberta,Edmonton,Bachelor of Science Engineering Transfer Program,https://www.macewan.ca/wcm/SchoolsFaculties/ArtsScience/Programs/BachelorofScienceinEngineeringTransfer/index.htm,Grant MacEwan University,14-Engineering,University
10631,Saskatchewan,Saskatoon,Bachelor of Science Engineering in Civil Engineering,https://admissions.usask.ca/civil-engineering.php,University of Saskatchewan,14-Engineering,University
35857,Saskatchewan,Saskatoon,Bachelor of Science Engineering in Computer Engineering,https://admissions.usask.ca/computer-engineering.php,University of Saskatchewan,14-Engineering,University
10633,Saskatchewan,Saskatoon,Bachelor of Science Engineering in Electrical Engineering,https://admissions.usask.ca/electrical-engineering.php,University of Saskatchewan,14-Engineering,University
21527,Saskatchewan,Saskatoon,Bachelor of Science Engineering in Engineering Physics,https://admissions.usask.ca/engineering-physics.php,University of Saskatchewan,14-Engineering,University
21486,Saskatchewan,Saskatoon,Bachelor of Science Engineering in Environmental Engineering,https://admissions.usask.ca/environmental-engineering.php,University of Saskatchewan,14-Engineering,University
41502,Manitoba,Winnipeg,Bachelor of Science in Biosystems Engineering,http://umanitoba.ca/student/admissions/programs/biosystem-engineering.html,University of Manitoba,14-Engineering,University
2812,New Brunswick,Fredericton,Bachelor of Science in Chemical Engineering,https://www.unb.ca/academics/programs/engineering/chemical-engineering_f.html,University of New Brunswick,14-Engineering,University
1197,Alberta,Edmonton,Bachelor of Science in Chemical Engineering,https://apps.admissions.ualberta.ca/programs/en/en100,University of Alberta,14-Engineering,University
26836,Alberta,Edmonton,Bachelor of Science in Chemical Engineering Co-operative,https://apps.admissions.ualberta.ca/programs/en/en101/coche2,University of Alberta,14-Engineering,University
1189,Alberta,Edmonton,Bachelor of Science in Chemical Engineering Computer Process Control,https://apps.admissions.ualberta.ca/programs/en/en110,University of Alberta,14-Engineering,University
27094,Alberta,Edmonton,Bachelor of Science in Chemical Engineering Computer Process Control Co-operative,https://apps.admissions.ualberta.ca/programs/en/en111/prcop2,University of Alberta,14-Engineering,University
1190,Alberta,Edmonton,Bachelor of Science in Civil Engineering,https://apps.admissions.ualberta.ca/programs/en/en120,University of Alberta,14-Engineering,University
2808,New Brunswick,Fredericton,Bachelor of Science in Civil Engineering,https://www.unb.ca/academics/programs/engineering/civil-f.html,University of New Brunswick,14-Engineering,University
6937,Manitoba,Winnipeg,Bachelor of Science in Civil Engineering,http://umanitoba.ca/student/admissions/programs/civil-engineering.html,University of Manitoba,14-Engineering,University
28340,Manitoba,Winnipeg,Bachelor of Science in Civil Engineering (Environmental Option),http://umanitoba.ca/student/admissions/programs/civil-engineering.html,University of Manitoba,14-Engineering,University
1069,Alberta,Edmonton,Bachelor of Science in Civil Engineering Co-operative,https://apps.admissions.ualberta.ca/programs/en/en121,University of Alberta,14-Engineering,University
24140,Alberta,Edmonton,Bachelor of Science in Civil Engineering Environmental Engineering,https://apps.admissions.ualberta.ca/programs/en/en130,University of Alberta,14-Engineering,University
26956,Alberta,Edmonton,Bachelor of Science in Civil Engineering Environmental Engineering Co-operative,https://apps.admissions.ualberta.ca/programs/en/en131,University of Alberta,14-Engineering,University
987,Alberta,Edmonton,Bachelor of Science in Computer Engineering,https://apps.admissions.ualberta.ca/programs/en/en140,University of Alberta,14-Engineering,University
6936,Manitoba,Winnipeg,Bachelor of Science in Computer Engineering,http://umanitoba.ca/student/admissions/programs/electrical-engineering.html,University of Manitoba,14-Engineering,University
38275,Alberta,Edmonton,Bachelor of Science in Computer Engineering Co-operative,https://apps.admissions.ualberta.ca/programs/en/en141,University of Alberta,14-Engineering,University
38379,Alberta,Edmonton,Bachelor of Science in Computer Engineering Nanoscale System Design Option,https://apps.admissions.ualberta.ca/programs/en/en840,University of Alberta,14-Engineering,University
1113,Alberta,Edmonton,Bachelor of Science in Computer Engineering Software Option Co-operative,https://apps.admissions.ualberta.ca/programs/en/en241,University of Alberta,14-Engineering,University
6933,Manitoba,Winnipeg,Bachelor of Science in Electrical Engineering,http://umanitoba.ca/student/admissions/programs/electrical-engineering.html,University of Manitoba,14-Engineering,University
1188,Alberta,Edmonton,Bachelor of Science in Electrical Engineering,https://apps.admissions.ualberta.ca/programs/en/en150,University of Alberta,14-Engineering,University
1002,Alberta,Edmonton,Bachelor of Science in Electrical Engineering Co-operative,https://apps.admissions.ualberta.ca/programs/en/en151,University of Alberta,14-Engineering,University
26957,Alberta,Edmonton,Bachelor of Science in Electrical Engineering Nanoengineering Option Co-operative,https://apps.admissions.ualberta.ca/programs/en/en851,University of Alberta,14-Engineering,University
2807,New Brunswick,Fredericton,Bachelor of Science in Electrical and Computer Engineering,https://www.unb.ca/academics/programs/engineering/electrical.html,University of New Brunswick,14-Engineering,University
922,Alberta,Edmonton,Bachelor of Science in Engineering,https://apps.admissions.ualberta.ca/programs/en/en010,University of Alberta,14-Engineering,University
41518,Manitoba,Winnipeg,Bachelor of Science in Engineering,http://umanitoba.ca/student/admissions/programs/engineering.html,University of Manitoba,14-Engineering,University
41222,Nova Scotia,Antigonish,Bachelor of Science in Engineering,https://www.stfx.ca/academics/science/engineering,St. Francis Xavier University,14-Engineering,University
36932,Alberta,Lethbridge,Bachelor of Science in Engineering - U of A - Pre-professional Transfer,http://www.uleth.ca/artsci/pre-professional-transfer-program-engineering,University of Lethbridge,14-Engineering,University
1195,Alberta,Edmonton,Bachelor of Science in Engineering Physics,http://ece.engineering.ualberta.ca/Undergraduate/EngineeringPhysics.aspx,University of Alberta,14-Engineering,University
24139,Alberta,Edmonton,Bachelor of Science in Engineering Physics Co-operative,https://apps.admissions.ualberta.ca/programs/en/en161,University of Alberta,14-Engineering,University
26958,Alberta,Edmonton,Bachelor of Science in Engineering Physics Nanoengineering Option,https://apps.admissions.ualberta.ca/programs/en/en260,University of Alberta,14-Engineering,University
26959,Alberta,Edmonton,Bachelor of Science in Engineering Physics Nanoengineering Option Co-operative,https://apps.admissions.ualberta.ca/programs/en/en261,University of Alberta,14-Engineering,University
17737,Nova Scotia,Wolfville,Bachelor of Science in Engineering and Applied Science,https://www2.acadiau.ca/prg_ug_apsc.html,Acadia University,14-Engineering,University
2809,New Brunswick,Fredericton,Bachelor of Science in Geodesy and Geomatics Engineering,https://www.unb.ca/academics/programs/engineering/gge.html,University of New Brunswick,14-Engineering,University
2901,New Brunswick,Fredericton,Bachelor of Science in Geological Engineering,https://www.unb.ca/academics/programs/engineering/geological.html,University of New Brunswick,14-Engineering,University
1193,Alberta,Edmonton,Bachelor of Science in Materials Engineering,https://apps.admissions.ualberta.ca/programs/en/en170,University of Alberta,14-Engineering,University
923,Alberta,Edmonton,Bachelor of Science in Materials Engineering Co-operative,https://apps.admissions.ualberta.ca/programs/en/en171,University of Alberta,14-Engineering,University
905,Alberta,Edmonton,Bachelor of Science in Mechanical Engineering,https://apps.admissions.ualberta.ca/programs/en/en180,University of Alberta,14-Engineering,University
2902,New Brunswick,Fredericton,Bachelor of Science in Mechanical Engineering,https://www.unb.ca/academics/programs/engineering/mechanical-f.html,University of New Brunswick,14-Engineering,University
6935,Manitoba,Winnipeg,Bachelor of Science in Mechanical Engineering,http://umanitoba.ca/student/admissions/programs/mechanical-engineering.html,University of Manitoba,14-Engineering,University
28341,Manitoba,Winnipeg,Bachelor of Science in Mechanical Engineering (Aerospace Option),http://umanitoba.ca/student/admissions/programs/mechanical-engineering.html,University of Manitoba,14-Engineering,University
6939,Manitoba,Winnipeg,Bachelor of Science in Mechanical Engineering (Manufacturing Option),http://umanitoba.ca/student/admissions/programs/mechanical-engineering.html,University of Manitoba,14-Engineering,University
960,Alberta,Edmonton,Bachelor of Science in Mechanical Engineering Biomedical Option Co-operative,https://apps.admissions.ualberta.ca/programs/en/en281,University of Alberta,14-Engineering,University
1187,Alberta,Edmonton,Bachelor of Science in Mechanical Engineering Co-operative,https://apps.admissions.ualberta.ca/programs/en/en181,University of Alberta,14-Engineering,University
1196,Alberta,Edmonton,Bachelor of Science in Mining Engineering,https://apps.admissions.ualberta.ca/programs/en/en190,University of Alberta,14-Engineering,University
1000,Alberta,Edmonton,Bachelor of Science in Mining Engineering Co-operative,https://apps.admissions.ualberta.ca/programs/en/en191,University of Alberta,14-Engineering,University
1191,Alberta,Edmonton,Bachelor of Science in Petroleum Engineering,http://apps.admissions.ualberta.ca/programs/en/en200,University of Alberta,14-Engineering,University
861,Alberta,Edmonton,Bachelor of Science in Petroleum Engineering Co-operative,https://apps.admissions.ualberta.ca/programs/en/en201,University of Alberta,14-Engineering,University
30778,New Brunswick,Fredericton,Bachelor of Science in Software Engineering,https://www.unb.ca/academics/programs/software-engineering/software_eng.html,University of New Brunswick,14-Engineering,University
41373,Prince Edward Island,Charlottetown,Bachelor of Science in Sustainable Design Engineering,http://www.upei.ca/programsandcourses/engineering,University of Prince Edward Island,14-Engineering,University
12752,British Columbia,Burnaby,Bachelor of Technology in Manufacturing,https://www.bcit.ca/study/programs/8600btech,British Columbia Institute of Technology (BCIT),14-Engineering,University
33874,Ontario,Toronto,Bachelor of Undeclared Engineering (First Year Studies Only),https://www.ryerson.ca/programs/undergraduate/undeclared-engineering/,Ryerson University,14-Engineering,University
30943,British Columbia,Burnaby,Biomedical Physiology Major (Bachelor of Science),http://www.sfu.ca/engineering/prospective-students/undergraduate-students/programs/biomedical-engineering.html,Simon Fraser University,14-Engineering,University
38559,British Columbia,Kelowna,Bridging Program into the BBA - Technology and CIS Bridge,http://webapps-5.okanagan.bc.ca/ok/calendar/calendar.aspx?page=BridgingProgramintotheBBATechnologyandCISBridge,Okanagan College,14-Engineering,University
38559,British Columbia,Penticton,Bridging Program into the BBA - Technology and CIS Bridge,http://webapps-5.okanagan.bc.ca/ok/calendar/calendar.aspx?page=BridgingProgramintotheBBATechnologyandCISBridge,Okanagan College,14-Engineering,University
38559,British Columbia,Salmon Arm,Bridging Program into the BBA - Technology and CIS Bridge,http://webapps-5.okanagan.bc.ca/ok/calendar/calendar.aspx?page=BridgingProgramintotheBBATechnologyandCISBridge,Okanagan College,14-Engineering,University
38559,British Columbia,Vernon,Bridging Program into the BBA - Technology and CIS Bridge,http://webapps-5.okanagan.bc.ca/ok/calendar/calendar.aspx?page=BridgingProgramintotheBBATechnologyandCISBridge,Okanagan College,14-Engineering,University
34702,Nova Scotia,Wolfville,Certificate of Applied Science,https://engineering.acadiau.ca/cas.html,Acadia University,14-Engineering,University
788,Ontario,Toronto,Chemical Engineering,http://www.future.utoronto.ca/undergraduate-programs/chemical-engineering,University of Toronto,14-Engineering,University
2307,Ontario,Hamilton,Chemical Engineering (B.Eng.),https://academiccalendars.romcmaster.ca/preview_program.php?catoid=32&poid=18424&returnto=6690,McMaster University,14-Engineering,University
8765,Nova Scotia,Halifax,Chemical Engineering (BEng),https://www.dal.ca/academics/programs/undergraduate/engineering.html,Dalhousie University,14-Engineering,University
35337,Ontario,Hamilton,Chemical Engineering and Bioengineering (B.Eng.Biosci.),https://academiccalendars.romcmaster.ca/preview_program.php?catoid=32&poid=18428&returnto=6690,McMaster University,14-Engineering,University
40302,Ontario,Hamilton,Chemical Engineering and Bioengineering Co-Op (B.Eng.Biosci.),https://academiccalendars.romcmaster.ca/preview_program.php?catoid=32&poid=18428&returnto=6690,McMaster University,14-Engineering,University
2306,Ontario,Hamilton,Chemical Engineering and Management (B.Eng.Mgt.),https://academiccalendars.romcmaster.ca/preview_program.php?catoid=32&poid=18426&returnto=6690,McMaster University,14-Engineering,University
40304,Ontario,Hamilton,Chemical Engineering and Management Co-Op (B.Eng.Mgt.),https://academiccalendars.romcmaster.ca/preview_program.php?catoid=32&poid=18426&returnto=6690,McMaster University,14-Engineering,University
2305,Ontario,Hamilton,Chemical Engineering and Society (B.Eng.Society),https://academiccalendars.romcmaster.ca/preview_program.php?catoid=32&poid=18427&returnto=6690,McMaster University,14-Engineering,University
40324,Ontario,Hamilton,Chemical Engineering and Society Co-Op (B.Eng.Society),https://academiccalendars.romcmaster.ca/preview_program.php?catoid=32&poid=18427&returnto=6690,McMaster University,14-Engineering,University
41367,Ontario,London,Chemical Engineering in Biochemical and Environmental Engineering,http://www.eng.uwo.ca/undergraduate/programs/chemical.html,University of Western Ontario,14-Engineering,University
40500,Ontario,Hamilton,Chemical and Biomedical Engineering (B.Eng.BME),https://academiccalendars.romcmaster.ca/preview_program.php?catoid=32&poid=18734&returnto=6690,McMaster University,14-Engineering,University
2295,Ontario,Hamilton,Chemical and Biomedical Engineering Co-Op (B.Eng.BME),,McMaster University,14-Engineering,University
792,Ontario,Toronto,Civil Engineering,http://www.future.utoronto.ca/undergraduate-programs/civil-engineering,University of Toronto,14-Engineering,University
2304,Ontario,Hamilton,Civil Engineering (B.Eng.),https://academiccalendars.romcmaster.ca/preview_program.php?catoid=32&poid=18429&returnto=6690,McMaster University,14-Engineering,University
26508,Nova Scotia,Halifax,Civil Engineering (BEng),https://www.dal.ca/academics/programs/undergraduate/engineering.html,Dalhousie University,14-Engineering,University
41571,Ontario,Windsor,Civil Engineering (optional Co-op),http://www.uwindsor.ca/graduate-studies/312/civil-engineering,University of Windsor,14-Engineering,University
40197,Ontario,Hamilton,Civil Engineering Co-Op (B.Eng.),https://academiccalendars.romcmaster.ca/preview_program.php?catoid=32&poid=18429&returnto=6690,McMaster University,14-Engineering,University
2303,Ontario,Hamilton,Civil Engineering and Management (B.Eng.Mgt.),https://academiccalendars.romcmaster.ca/preview_program.php?catoid=32&poid=18430&returnto=6690,McMaster University,14-Engineering,University
40307,Ontario,Hamilton,Civil Engineering and Management Co-Op (B.Eng.Mgt.),https://academiccalendars.romcmaster.ca/preview_program.php?catoid=32&poid=18430&returnto=6690,McMaster University,14-Engineering,University
2302,Ontario,Hamilton,Civil Engineering and Society (B.Eng.Society),https://academiccalendars.romcmaster.ca/preview_program.php?catoid=32&poid=18431&returnto=6690,McMaster University,14-Engineering,University
40326,Ontario,Hamilton,Civil Engineering and Society Co-Op (B.Eng.Society),https://academiccalendars.romcmaster.ca/preview_program.php?catoid=32&poid=18431&returnto=6690,McMaster University,14-Engineering,University
41368,Ontario,London,Civil Engineering in Environmental Engineering,http://www.eng.uwo.ca/undergraduate/programs/civil.html,University of Western Ontario,14-Engineering,University
22006,Ontario,London,Civil Engineering in International Development with Environmental Engineering,https://www.eng.uwo.ca/undergraduate/programs/civil.html,University of Western Ontario,14-Engineering,University
41414,Ontario,London,Civil Engineering in International Development with Structural Engineering,http://www.eng.uwo.ca/undergraduate/programs/civil.html,University of Western Ontario,14-Engineering,University
11171,Ontario,London,Civil Engineering in Structural Engineering,http://www.eng.uwo.ca/undergraduate/programs/civil.html,University of Western Ontario,14-Engineering,University
35363,Ontario,Hamilton,Civil and Biomedical Engineering (B.Eng.BME),https://academiccalendars.romcmaster.ca/preview_program.php?catoid=32&poid=18735&returnto=6690,McMaster University,14-Engineering,University
23359,Ontario,Toronto,Computer Engineering,http://www.future.utoronto.ca/undergraduate-programs/computer-engineering,University of Toronto,14-Engineering,University
2298,Ontario,Hamilton,Computer Engineering (B.Eng.),https://academiccalendars.romcmaster.ca/preview_program.php?catoid=32&poid=18432&returnto=6690,McMaster University,14-Engineering,University
40198,Ontario,Hamilton,Computer Engineering Co-Op (B.Eng.),https://academiccalendars.romcmaster.ca/preview_program.php?catoid=32&poid=18432&returnto=6690,McMaster University,14-Engineering,University
2300,Ontario,Hamilton,Computer Engineering and Management (B.Eng.Mgt.),https://academiccalendars.romcmaster.ca/preview_program.php?catoid=32&poid=18433&returnto=6690,McMaster University,14-Engineering,University
40309,Ontario,Hamilton,Computer Engineering and Management Co-Op (B.Eng.Mgt.),https://academiccalendars.romcmaster.ca/preview_program.php?catoid=32&poid=18433&returnto=6690,McMaster University,14-Engineering,University
2299,Ontario,Hamilton,Computer Engineering and Society (B.Eng.Society),https://academiccalendars.romcmaster.ca/preview_program.php?catoid=32&poid=18434&returnto=6690,McMaster University,14-Engineering,University
40337,Ontario,Hamilton,Computer Engineering and Society Co-Op (B.Eng.Society),https://academiccalendars.romcmaster.ca/preview_program.php?catoid=32&poid=18434&returnto=6690,McMaster University,14-Engineering,University
41415,Ontario,London,Computer Engineering in Electronic Devices for Ubiquitous Computing,https://www.eng.uwo.ca/undergraduate/programs/computer.html,University of Western Ontario,14-Engineering,University
41416,Ontario,London,Computer Engineering in Software Systems for Ubiquitous Computing,https://www.eng.uwo.ca/undergraduate/programs/computer.html,University of Western Ontario,14-Engineering,University
26507,Nova Scotia,Halifax,Diploma in Engineering,https://www.dal.ca/faculty/engineering/u-s-o/current-students/dip-eng.html,Dalhousie University,14-Engineering,University
27663,Newfoundland and Labrador,St. John's,Diploma of Technology in Marine Engineering,https://www.mi.mun.ca/programsandcourses/programs/marineengineering/,Memorial University of Newfoundland,14-Engineering,University
27662,Newfoundland and Labrador,St. John's,Diploma of Technology in Marine Engineering Systems Design,https://www.mi.mun.ca/programsandcourses/programs/marineengineeringsystemsdesign/,Memorial University of Newfoundland,14-Engineering,University
27664,Newfoundland and Labrador,St. John's,Diploma of Technology in Naval Architecture,https://www.mi.mun.ca/programsandcourses/programs/navalarchitecture/,Memorial University of Newfoundland,14-Engineering,University
795,Ontario,Toronto,Electrical Engineering,http://www.future.utoronto.ca/undergraduate-programs/electrical-engineering,University of Toronto,14-Engineering,University
2311,Ontario,Hamilton,Electrical Engineering (B.Eng.),https://academiccalendars.romcmaster.ca/preview_program.php?catoid=32&poid=18436&returnto=6690,McMaster University,14-Engineering,University
30726,Ontario,Windsor,Electrical Engineering (with optional Co-op),http://www.uwindsor.ca/studentrecruitment/357/electrical-engineering-optional-co-op,University of Windsor,14-Engineering,University
40278,Ontario,Hamilton,Electrical Engineering Co-Op (B.Eng.),https://academiccalendars.romcmaster.ca/preview_program.php?catoid=32&poid=18436&returnto=6690,McMaster University,14-Engineering,University
2316,Ontario,Hamilton,Electrical Engineering and Management (B.Eng.Mgt.),https://academiccalendars.romcmaster.ca/preview_program.php?catoid=32&poid=18437&returnto=6690,McMaster University,14-Engineering,University
40311,Ontario,Hamilton,Electrical Engineering and Management Co-Op (B.Eng.Mgt.),https://academiccalendars.romcmaster.ca/preview_program.php?catoid=32&poid=18437&returnto=6690,McMaster University,14-Engineering,University
2312,Ontario,Hamilton,Electrical Engineering and Society (B.Eng.Society),https://academiccalendars.romcmaster.ca/preview_program.php?catoid=32&poid=18438&returnto=6690,McMaster University,14-Engineering,University
40344,Ontario,Hamilton,Electrical Engineering and Society Co-Op (B.Eng.Society),https://academiccalendars.romcmaster.ca/preview_program.php?catoid=32&poid=18438&returnto=6690,McMaster University,14-Engineering,University
41363,Ontario,London,Electrical Engineering in Biomedical Signals and Systems,https://www.eng.uwo.ca/undergraduate/programs/electrical.html,University of Western Ontario,14-Engineering,University
41362,Ontario,London,Electrical Engineering in Power Systems Engineering,https://www.eng.uwo.ca/undergraduate/programs/electrical.html,University of Western Ontario,14-Engineering,University
11172,Ontario,London,Electrical Engineering in Wireless Communication,https://www.eng.uwo.ca/undergraduate/programs/electrical.html,University of Western Ontario,14-Engineering,University
35339,Ontario,Hamilton,Electrical and Biomedical Engineering (B.Eng.),https://academiccalendars.romcmaster.ca/preview_program.php?catoid=32&poid=18435&returnto=6690,McMaster University,14-Engineering,University
21307,Ontario,Hamilton,Electrical and Biomedical Engineering (B.Eng.BME),https://academiccalendars.romcmaster.ca/preview_program.php?catoid=32&poid=18738&returnto=6690,McMaster University,14-Engineering,University
40200,Ontario,Hamilton,Electrical and Biomedical Engineering Co-Op (B.Eng.),https://academiccalendars.romcmaster.ca/preview_program.php?catoid=32&poid=18435&returnto=6690,McMaster University,14-Engineering,University
24087,Ontario,Hamilton,Electrical and Biomedical Engineering Co-Op (B.Eng.BME),https://academiccalendars.romcmaster.ca/preview_program.php?catoid=32&poid=18738&returnto=6690,McMaster University,14-Engineering,University
8764,Nova Scotia,Halifax,Electrical and Computer Engineering (BEng),https://www.dal.ca/academics/programs/undergraduate/engineering.html,Dalhousie University,14-Engineering,University
8785,Nova Scotia,Halifax,Engineering (BEng),https://www.dal.ca/academics/programs/undergraduate/engineering.html,Dalhousie University,14-Engineering,University
794,Ontario,Toronto,Engineering Business,http://www.future.utoronto.ca/undergraduate-programs/engineering-business,University of Toronto,14-Engineering,University
12941,British Columbia,North Vancouver,Engineering Certificate,https://www.capilanou.ca/programs--courses/program-profiles/engineering-certificate/,Capilano University,14-Engineering,University
13212,British Columbia,Richmond,Engineering First-Year: Certificate,http://www.kpu.ca/calendar/2018-19/science-hort/engineering/engineering-cert.html,Kwantlen Polytechnic University,14-Engineering,University
13212,British Columbia,Surrey,Engineering First-Year: Certificate,http://www.kpu.ca/calendar/2018-19/science-hort/engineering/engineering-cert.html,Kwantlen Polytechnic University,14-Engineering,University
40195,Ontario,Hamilton,Engineering I/Engineering I Co-Op,https://academiccalendars.romcmaster.ca/preview_program.php?catoid=32&poid=18693&returnto=6690,McMaster University,14-Engineering,University
28080,Ontario,London,Engineering Leadership and Innovation Certificate,https://www.eng.uwo.ca/undergraduate/leadership-innovation/certificate.html,University of Western Ontario,14-Engineering,University
2310,Ontario,Hamilton,Engineering Physics (B.Eng.),https://academiccalendars.romcmaster.ca/preview_program.php?catoid=32&poid=18439&returnto=6690,McMaster University,14-Engineering,University
40285,Ontario,Hamilton,Engineering Physics Co-Op (B.Eng.),https://academiccalendars.romcmaster.ca/preview_program.php?catoid=32&poid=18439&returnto=6690,McMaster University,14-Engineering,University
28917,British Columbia,Chilliwack,Engineering Physics Diploma in Mechatronics,https://www.ufv.ca/calendar/current/ProgramsC-E/ENGR_PHYS.htm,University of the Fraser Valley,14-Engineering,University
24088,Ontario,Hamilton,Engineering Physics and Biomedical Engineering (B.Eng.BME),https://academiccalendars.romcmaster.ca/preview_program.php?catoid=32&poid=18739&returnto=6690,McMaster University,14-Engineering,University
24089,Ontario,Hamilton,Engineering Physics and Biomedical Engineering Co-Op (B.Eng.BME),https://academiccalendars.romcmaster.ca/preview_program.php?catoid=32&poid=18739&returnto=6690,McMaster University,14-Engineering,University
2315,Ontario,Hamilton,Engineering Physics and Management (B.Eng.Mgt.),https://academiccalendars.romcmaster.ca/preview_program.php?catoid=32&poid=18440&returnto=6690,McMaster University,14-Engineering,University
40313,Ontario,Hamilton,Engineering Physics and Management Co-Op (B.Eng.Mgt.),https://academiccalendars.romcmaster.ca/preview_program.php?catoid=32&poid=18440&returnto=6690,McMaster University,14-Engineering,University
2318,Ontario,Hamilton,Engineering Physics and Society (B.Eng.Society),https://academiccalendars.romcmaster.ca/preview_program.php?catoid=32&poid=18441&returnto=6690,McMaster University,14-Engineering,University
37172,British Columbia,Burnaby,Engineering Science Second Degree (Bachelor of Applied Science),http://www.sfu.ca/students/calendar/2018/summer/programs/engineering-science-second-degree/bachelor-of-applied-science.html,Simon Fraser University,14-Engineering,University
11173,Ontario,London,Engineering Science in Mechanical Engineering,https://www.eng.uwo.ca/undergraduate/programs/mechanical.html,University of Western Ontario,14-Engineering,University
22030,Ontario,London,Engineering Science in Software Engineering in Embedded Systems,https://www.eng.uwo.ca/undergraduate/programs/software.html,University of Western Ontario,14-Engineering,University
30941,British Columbia,Burnaby,Engineering Science, Biomedical Engineering Option Honours (Bachelor of Applied Science),http://www.sfu.ca/students/calendar/2018/summer/programs/engineering-science-biomedical-engineering-option/honours/bachelor-of-applied-science.html,Simon Fraser University,14-Engineering,University
4167,British Columbia,Burnaby,Engineering Science, Computer Engineering Option Major (Bachelor of Applied Science),http://www.sfu.ca/students/futurestudents/programs/a-z/c/computer-engineering.html,Simon Fraser University,14-Engineering,University
21144,British Columbia,Burnaby,Engineering Science, Electronics Engineering Option Major (Bachelor of Applied Science),http://www.sfu.ca/students/futurestudents/programs/a-z/e/electronics-engineering.html,Simon Fraser University,14-Engineering,University
21145,British Columbia,Burnaby,Engineering Science, Engineering Physics Option Honours (Bachelor of Applied Science),http://www.sfu.ca/students/futurestudents/programs/a-z/e/engineering-physics.html,Simon Fraser University,14-Engineering,University
21146,British Columbia,Burnaby,Engineering Science, Systems Option Major (Bachelor of Applied Science),http://www.sfu.ca/students/calendar/2018/summer/programs/engineering-science-systems-option/major/bachelor-of-applied-science.html,Simon Fraser University,14-Engineering,University
13041,British Columbia,Kamloops,Engineering Transfer,http://www.tru.ca/science/programs/engineering.html,Thompson Rivers University,14-Engineering,University
39343,British Columbia,North Vancouver,Engineering Transition Diploma,https://www.capilanou.ca/programs--courses/program-profiles/engineering-transition-diploma/,Capilano University,14-Engineering,University
46425,Ontario,Toronto,Engineering, Bachelor of Applied Science / Master of Business Administration,https://sgs.calendar.utoronto.ca/combined/STG-Eng-BASc~MBA,University of Toronto,14-Engineering,University
293,Ontario,Toronto,Environmental Engineering,http://www.future.utoronto.ca/undergraduate-programs/environmental-engineering,University of Toronto,14-Engineering,University
51530,Nova Scotia,Truro,Environmental Engineering (BEng),https://www.dal.ca/academics/programs/undergraduate/engineering.html,Dalhousie University,14-Engineering,University
11467,Ontario,Windsor,Environmental Engineering (with optional Co-op),http://www.uwindsor.ca/studentrecruitment/363/environmental-engineering-optional-co-op,University of Windsor,14-Engineering,University
27906,Ontario,London,General Chemical Engineering,https://www.eng.uwo.ca/undergraduate/programs/chemical.html,University of Western Ontario,14-Engineering,University
8762,Nova Scotia,Truro,Industrial Engineering (BEng),https://www.dal.ca/academics/programs/undergraduate/engineering.html,Dalhousie University,14-Engineering,University
41418,Ontario,Windsor,Industrial Engineering (with optional Co-op),http://www.uwindsor.ca/studentrecruitment/376/industrial-engineering-optional-co-op,University of Windsor,14-Engineering,University
11465,Ontario,Windsor,Industrial Engineering with a Minor in Business Administration (with optional Co-op),http://www.uwindsor.ca/studentrecruitment/377/industrial-engineering-minor-business-administration-optional-co-op,University of Windsor,14-Engineering,University
21326,Ontario,Hamilton,Integrated Biomedical Engineering and Health Sciences (IBEHS) I (B.Eng.BME),https://academiccalendars.romcmaster.ca/preview_program.php?catoid=32&poid=18744&returnto=6690,McMaster University,14-Engineering,University
23654,Ontario,Hamilton,Integrated Biomedical Engineering and Health Sciences (IBEHS) I Co-op (B.Eng.BME),https://academiccalendars.romcmaster.ca/preview_program.php?catoid=32&poid=18744&returnto=6690,McMaster University,14-Engineering,University
11167,Ontario,London,Integrated Engineering,https://www.eng.uwo.ca/undergraduate/programs/Integrated.html,University of Western Ontario,14-Engineering,University
42568,British Columbia,Vancouver,Joint UNBC/UBC Program - Environmental Engineering,http://www.enve.ubc.ca/prospective-students/,University of British Columbia,14-Engineering,University
793,Ontario,Toronto,Materials Engineering,http://www.future.utoronto.ca/undergraduate-programs/materials-engineering,University of Toronto,14-Engineering,University
2308,Ontario,Hamilton,Materials Engineering (B.Eng.),https://academiccalendars.romcmaster.ca/preview_program.php?catoid=32&poid=18442&returnto=6690,McMaster University,14-Engineering,University
31044,Nova Scotia,Halifax,Materials Engineering (BEng),https://www.dal.ca/academics/programs/undergraduate/engineering.html,Dalhousie University,14-Engineering,University
40286,Ontario,Hamilton,Materials Engineering Co-Op (B.Eng.),https://academiccalendars.romcmaster.ca/preview_program.php?catoid=32&poid=18442&returnto=6690,McMaster University,14-Engineering,University
2313,Ontario,Hamilton,Materials Engineering and Management (B.Eng.Mgt.),https://academiccalendars.romcmaster.ca/preview_program.php?catoid=32&poid=18688&returnto=6690,McMaster University,14-Engineering,University
40314,Ontario,Hamilton,Materials Engineering and Management Co-Op (B.Eng.Mgt.),https://academiccalendars.romcmaster.ca/preview_program.php?catoid=32&poid=18688&returnto=6690,McMaster University,14-Engineering,University
2314,Ontario,Hamilton,Materials Engineering and Society (B.Eng.Society),https://academiccalendars.romcmaster.ca/preview_program.php?catoid=32&poid=18443&returnto=6690,McMaster University,14-Engineering,University
40354,Ontario,Hamilton,Materials Engineering and Society Co-Op (B.Eng.Society),https://academiccalendars.romcmaster.ca/preview_program.php?catoid=32&poid=18443&returnto=6690,McMaster University,14-Engineering,University
200,Ontario,Toronto,Materials Science,http://www.future.utoronto.ca/undergraduate-programs/materials-science,University of Toronto,14-Engineering,University
24090,Ontario,Hamilton,Materials and Biomedical Engineering (B.Eng.BME),https://academiccalendars.romcmaster.ca/preview_program.php?catoid=32&poid=18740&returnto=6690,McMaster University,14-Engineering,University
32977,Ontario,Hamilton,Materials and Biomedical Engineering Co-Op (B.Eng.BME),https://academiccalendars.romcmaster.ca/preview_program.php?catoid=32&poid=18740&returnto=6690,McMaster University,14-Engineering,University
789,Ontario,Toronto,Mechanical Engineering,http://www.future.utoronto.ca/undergraduate-programs/mechanical-engineering,University of Toronto,14-Engineering,University
2309,Ontario,Hamilton,Mechanical Engineering (B.Eng.),https://academiccalendars.romcmaster.ca/preview_program.php?catoid=32&poid=18444&returnto=6690,McMaster University,14-Engineering,University
8767,Nova Scotia,Halifax,Mechanical Engineering (BEng),https://www.dal.ca/academics/programs/undergraduate/engineering.html,Dalhousie University,14-Engineering,University
41535,Ontario,Windsor,Mechanical Engineering (with optional Co-op),http://www.uwindsor.ca/studentrecruitment/391/mechanical-engineering-optional-co-op,University of Windsor,14-Engineering,University
40288,Ontario,Hamilton,Mechanical Engineering Co-Op (B.Eng.),https://academiccalendars.romcmaster.ca/preview_program.php?catoid=32&poid=18444&returnto=6690,McMaster University,14-Engineering,University
2319,Ontario,Hamilton,Mechanical Engineering and Management (B.Eng.Mgt.),https://academiccalendars.romcmaster.ca/preview_program.php?catoid=32&poid=18445&returnto=6690,McMaster University,14-Engineering,University
40315,Ontario,Hamilton,Mechanical Engineering and Management Co-op (B.Eng.Mgt.),https://academiccalendars.romcmaster.ca/preview_program.php?catoid=32&poid=18445&returnto=6690,McMaster University,14-Engineering,University
2297,Ontario,Hamilton,Mechanical Engineering and Society (B.Eng.Society),https://academiccalendars.romcmaster.ca/preview_program.php?catoid=32&poid=18446&returnto=6690,McMaster University,14-Engineering,University
40357,Ontario,Hamilton,Mechanical Engineering and Society Co-Op (B.Eng.Society),https://academiccalendars.romcmaster.ca/preview_program.php?catoid=32&poid=18446&returnto=6690,McMaster University,14-Engineering,University
41536,Ontario,Windsor,Mechanical Engineering with a Materials Option (with optional Co-op),http://www.uwindsor.ca/studentrecruitment/392/mechanical-engineering-materials-option-optional-co-op,University of Windsor,14-Engineering,University
41537,Ontario,Windsor,Mechanical Engineering with an Aerospace Option (with optional Co-op),http://www.uwindsor.ca/studentrecruitment/325/mechanical-engineering-aerospace-option-optional-co-op,University of Windsor,14-Engineering,University
11460,Ontario,Windsor,Mechanical Engineering with an Automotive Engineering Option (with optional Co-op),http://www.uwindsor.ca/studentrecruitment/327/mechanical-engineering-automotive-engineering-option-optional-co-op,University of Windsor,14-Engineering,University
41539,Ontario,Windsor,Mechanical Engineering with an Environmental Engineering Option (with optional Co-op),http://www.uwindsor.ca/studentrecruitment/393/mechanical-engineering-environmental-engineering-option-optional-co-op,University of Windsor,14-Engineering,University
24092,Ontario,Hamilton,Mechanical and Biomedical Engineering (B.Eng.BME),https://academiccalendars.romcmaster.ca/preview_program.php?catoid=32&poid=18741&returnto=6690,McMaster University,14-Engineering,University
32979,Ontario,Hamilton,Mechanical and Biomedical Engineering Co-Op (B.Eng.BME),https://academiccalendars.romcmaster.ca/preview_program.php?catoid=32&poid=18741&returnto=6690,McMaster University,14-Engineering,University
21191,British Columbia,Burnaby,Mechatronic Systems Engineering Major (Bachelor of Applied Science),http://www.sfu.ca/students/calendar/2018/summer/programs/mechatronic-systems-engineering/major/bachelor-of-applied-science.html,Simon Fraser University,14-Engineering,University
35340,Ontario,Hamilton,Mechatronics Engineering (B.Eng.),https://academiccalendars.romcmaster.ca/preview_program.php?catoid=32&poid=18447&returnto=6690,McMaster University,14-Engineering,University
40290,Ontario,Hamilton,Mechatronics Engineering Co-Op (B.Eng.),https://academiccalendars.romcmaster.ca/preview_program.php?catoid=32&poid=18447&returnto=6690,McMaster University,14-Engineering,University
35341,Ontario,Hamilton,Mechatronics Engineering and Management (B.Eng.Mgt.),https://academiccalendars.romcmaster.ca/preview_program.php?catoid=32&poid=18448&returnto=6690,McMaster University,14-Engineering,University
40316,Ontario,Hamilton,Mechatronics Engineering and Management Co-Op (B.Eng.Mgt.),https://academiccalendars.romcmaster.ca/preview_program.php?catoid=32&poid=18448&returnto=6690,McMaster University,14-Engineering,University
40360,Ontario,Hamilton,Mechatronics Engineering and Society (B.Eng.Society),https://academiccalendars.romcmaster.ca/preview_program.php?catoid=32&poid=18449&returnto=6690,McMaster University,14-Engineering,University
40361,Ontario,Hamilton,Mechatronics Engineering and Society Co-Op (B.Eng.Society),https://academiccalendars.romcmaster.ca/preview_program.php?catoid=32&poid=18449&returnto=6690,McMaster University,14-Engineering,University
2180,Ontario,Hamilton,Mechatronics and Biomedical Engineering (B.Eng.BME),https://academiccalendars.romcmaster.ca/preview_program.php?catoid=32&poid=18736&returnto=6690,McMaster University,14-Engineering,University
2239,Ontario,Hamilton,Mechatronics and Biomedical Engineering Co-Op (B.Eng.BME),https://academiccalendars.romcmaster.ca/preview_program.php?catoid=32&poid=18736&returnto=6690,McMaster University,14-Engineering,University
722,Ontario,Toronto,Mineral Engineering,http://www.future.utoronto.ca/undergraduate-programs/mineral-engineering,University of Toronto,14-Engineering,University
21345,Nova Scotia,Halifax,Mineral Resource Engineering (BEng),http://www.dal.ca/academics/programs/undergraduate/engineering.html,Dalhousie University,14-Engineering,University
46409,Ontario,Toronto,Nanoengineering,http://www.future.utoronto.ca/undergraduate-programs/nanoengineering,University of Toronto,14-Engineering,University
21293,British Columbia,Burnaby,Operations Research Major (Bachelor of Science),http://www.sfu.ca/students/futurestudents/programs/a-z/o/operations-research.html,Simon Fraser University,14-Engineering,University
41648,Saskatchewan,Saskatoon,Postgraduate Diploma in Biomedical Engineering,https://grad.usask.ca/programs/biomedical-engineering.php#Program,University of Saskatchewan,14-Engineering,University
41372,British Columbia,Nanaimo,Power Engineering/Process Operator - 4th Class Certificate,https://calendar.viu.ca/trades/power-engineering/process-operator-4th-class,Vancouver Island University,14-Engineering,University
8984,Ontario,London,Practical Elements of Mechanical Engineering Certificate,https://www.eng.uwo.ca/mechanical/undergraduate/peme/index.html,University of Western Ontario,14-Engineering,University
34927,British Columbia,Langley,Pre-Engineering (Transfer Program),https://www.twu.ca/academics/faculty-natural-applied-sciences/pre-engineering,Trinity Western University,14-Engineering,University
40652,Saskatchewan,Buffalo Narrows,Pre-Engineering and Science (PRES),https://trainnorth.ca/pre-engineering-and-science-pres/,Northlands College,14-Engineering,University
40652,Saskatchewan,Creighton,Pre-Engineering and Science (PRES),https://trainnorth.ca/pre-engineering-and-science-pres/,Northlands College,14-Engineering,University
40652,Saskatchewan,La Ronge,Pre-Engineering and Science (PRES),https://trainnorth.ca/pre-engineering-and-science-pres/,Northlands College,14-Engineering,University
21303,Ontario,Hamilton,Software Engineering (B.Eng.),https://academiccalendars.romcmaster.ca/preview_program.php?catoid=32&poid=18450&returnto=6690,McMaster University,14-Engineering,University
40293,Ontario,Hamilton,Software Engineering - Embedded Systems (B.Eng.),https://academiccalendars.romcmaster.ca/preview_program.php?catoid=32&poid=18452&returnto=6690,McMaster University,14-Engineering,University
40295,Ontario,Hamilton,Software Engineering - Game Design (B.Eng.),https://academiccalendars.romcmaster.ca/preview_program.php?catoid=32&poid=18453&returnto=6690,McMaster University,14-Engineering,University
40299,Ontario,Hamilton,Software Engineering Co-Op - Embedded Systems (B.Eng.),https://academiccalendars.romcmaster.ca/preview_program.php?catoid=32&poid=18452&returnto=6690,McMaster University,14-Engineering,University
40300,Ontario,Hamilton,Software Engineering Co-Op - Game Design (B.Eng.),https://academiccalendars.romcmaster.ca/preview_program.php?catoid=32&poid=18453&returnto=6690,McMaster University,14-Engineering,University
40296,Ontario,Hamilton,Software Engineering Co-op (B.Eng.),https://academiccalendars.romcmaster.ca/preview_program.php?catoid=32&poid=18450&returnto=6690,McMaster University,14-Engineering,University
21304,Ontario,Hamilton,Software Engineering and Management (B.Eng.Mgt.),https://academiccalendars.romcmaster.ca/preview_program.php?catoid=32&poid=18451&returnto=6690,McMaster University,14-Engineering,University
40320,Ontario,Hamilton,Software Engineering and Management Co-Op (B.Eng.Mgt.),https://academiccalendars.romcmaster.ca/preview_program.php?catoid=32&poid=18451&returnto=6690,McMaster University,14-Engineering,University
21305,Ontario,Hamilton,Software Engineering and Society (B.Eng.Society),https://academiccalendars.romcmaster.ca/preview_program.php?catoid=32&poid=18454&returnto=6690,McMaster University,14-Engineering,University
40364,Ontario,Hamilton,Software Engineering and Society Co-op (B.Eng.Society),https://academiccalendars.romcmaster.ca/preview_program.php?catoid=32&poid=18454&returnto=6690,McMaster University,14-Engineering,University
41431,Ontario,London,Software Engineering in Health Informatics,https://www.eng.uwo.ca/undergraduate/programs/software.html,University of Western Ontario,14-Engineering,University
21140,British Columbia,Surrey,Software Systems Major (Bachelor of Science),http://www.sfu.ca/students/futurestudents/programs/a-z/s/software-systems.html,Simon Fraser University,14-Engineering,University
35362,Ontario,Hamilton,Software and Biomedical Engineering (B.Eng.BME),https://academiccalendars.romcmaster.ca/preview_program.php?catoid=32&poid=18737&returnto=6690,McMaster University,14-Engineering,University
35366,Ontario,Hamilton,Software and Biomedical Engineering Co-Op (B.Eng.BME),https://academiccalendars.romcmaster.ca/preview_program.php?catoid=32&poid=18737&returnto=6690,McMaster University,14-Engineering,University
