8788,Nova Scotia,Halifax,"Certificate in Process Engineering for Control Practitioners (100% online program)","https://www.dal.ca/faculty/cce/programs/process-engineering-for-control-practitioners-certificate-progra.html","Dalhousie University","15-Engineering Technology",University - Master
8723,Nova Scotia,Halifax,"Advanced Certificate in Process Automation (100% Online)","https://www.dal.ca/faculty/cce/programs/advanced-certificate-in-process-automation.html","Dalhousie University","15-Engineering Technology",University - Master
4367,Ontario,Waterloo,"Bachelor of Applied Science in Civil Engineering - Water Resources Engineering","http://ugradcalendar.uwaterloo.ca/page/ENG-Civil-Engineering","University of Waterloo","15-Engineering Technology",University - Master
43705,Nova Scotia,Sydney,"Bachelor of Engineering Technology - Major in Petroleum","http://www.cbu.ca/academics/school-science-and-technology/degrees-programs","Cape Breton University","15-Engineering Technology",University - Master
45752,New Brunswick,Fredericton,"Certificate in Applied Ergonomics","http://www.ufred.ca/programs/school-of-occupational-health-and-safety/certificate-in-applied-ergonomics/","University of Fredericton","15-Engineering Technology",University - Master
8590,Nova Scotia,Halifax,"Certificate in Artificial Intelligence and Intelligent Systems","https://academiccalendar.dal.ca/Catalog/ViewCatalog.aspx?pageid=viewcatalog&catalogid=81&chapterid=4596&topicgroupid=19607&loaduseredits=False","Dalhousie University","15-Engineering Technology",University - Master
26532,Nova Scotia,Halifax,"Certificate in Environmental Impact Assessment","https://www.dal.ca/faculty/science/programs/diploma-certificate-programs/environmental-impact-assessment-certificate.html","Dalhousie University","15-Engineering Technology",University - Master
8877,Nova Scotia,Halifax,"Certificate in Process Instrumentation and Control (100% online)","https://www.dal.ca/faculty/cce/programs/process-instrumentation-and-control/process-instrumentation-and-control-certificate-program.html","Dalhousie University","15-Engineering Technology",University - Master
28232,Ontario,Waterloo,"Certificate of Completion in Electric Power Engineering (non-degree)","https://uwaterloo.ca/graduate-studies-postdoctoral-affairs/future-students/programs/electric-power-engineering-gdip-waterloo","University of Waterloo","15-Engineering Technology",University - Master
8635,Nova Scotia,Halifax,"Electrical and Electronic Circuits Certificate Program (100% online)","https://www.dal.ca/faculty/cce/programs/electrical-and-electronic-circuits-certificate-program.html","Dalhousie University","15-Engineering Technology",University - Master
50599,Quebec,Westmount,"Electronics Engineering Technology - Telecommunications","https://www.dawsoncollege.qc.ca/electronics-engineering-technology/telecommunications-course-list/","Dawson College","15-Engineering Technology",University - Master
4118,British Columbia,Burnaby,"Engineering Science (Master of Applied Science)","http://www.sfu.ca/students/calendar/2018/summer/programs/engineering-science/master-of-applied-science.html","Simon Fraser University","15-Engineering Technology",University - Master
48110,Ontario,Waterloo,"Graduate Diploma (GDip) in Design Engineering","https://uwaterloo.ca/graduate-studies-academic-calendar/engineering/department-mechanical-and-mechatronics-engineering/graduate-diploma-gdip-design-engineering","University of Waterloo","15-Engineering Technology",University - Master
51131,Ontario,Waterloo,"Graduate Diploma (GDip) in Software Engineering","https://uwaterloo.ca/graduate-studies-academic-calendar/archive-winter-2020/engineering/department-electrical-and-computer-engineering/graduate-diploma-gdip-software-engineering","University of Waterloo","15-Engineering Technology",University - Master
28240,Ontario,Waterloo,"Graduate Diploma in Design Engineering - Co-operative Program (GDip)","https://uwaterloo.ca/graduate-studies-academic-calendar/engineering/department-mechanical-and-mechatronics-engineering/graduate-diploma-gdip-design-engineering-co-operative-program#program_information","University of Waterloo","15-Engineering Technology",University - Master
28280,Ontario,Waterloo,"Graduate Diploma in Electric Power Engineering (GDip)","https://uwaterloo.ca/electrical-computer-engineering/graduate-diploma-electric-power-engineering-gdip","University of Waterloo","15-Engineering Technology",University - Master
28226,Ontario,Waterloo,"Graduate Diploma in Electric Power Engineering (direct entry)","https://uwaterloo.ca/graduate-studies-academic-calendar/engineering/department-electrical-and-computer-engineering/graduate-diploma-gdip-electric-power-engineering-direct-entry","University of Waterloo","15-Engineering Technology",University - Master
45681,Ontario,Oshawa,"Graduate Diploma in Nuclear Design Engineering","https://ontariotechu.ca/programs/energy-systems-and-nuclear-science/nuclear-design-engineering-graduate-diploma.php","OntarioTech University","15-Engineering Technology",University - Master
33912,Ontario,Oshawa,"Master of Applied Science in Automotive Engineering","https://uoit.ca/programs/engineering-and-applied-science/automotive-engineering-masters-program.php","OntarioTech University","15-Engineering Technology",University - Master
33879,Ontario,Toronto,"Master of Applied Science in Building Science","http://www.ryerson.ca/graduate/buildingscience/","Ryerson University","15-Engineering Technology",University - Master
52677,Ontario,Toronto,"Master of Applied Science in Building Science, Accelerated Pathway Plan","https://www.ryerson.ca/engineering-architectural-science/programs/undergraduate/accelerated-masc-pathway/","Ryerson University","15-Engineering Technology",University - Master
40874,Ontario,Waterloo,"Master of Applied Science in Chemical Engineering - Nanotechnology","https://uwaterloo.ca/graduate-studies-academic-calendar/engineering/department-chemical-engineering/master-applied-science-masc-chemical-engineering-nanotechnology","University of Waterloo","15-Engineering Technology",University - Master
46034,Ontario,Waterloo,"Master of Applied Science in Chemical Engineering - Water","https://uwaterloo.ca/graduate-studies-academic-calendar/engineering/department-chemical-engineering/master-applied-science-masc-chemical-engineering-water","University of Waterloo","15-Engineering Technology",University - Master
48049,Ontario,Waterloo,"Master of Applied Science in Civil Engineering - Environmental and Water Resource Engineering Field","https://uwaterloo.ca/graduate-studies-academic-calendar/engineering/department-civil-and-environmental-engineering/master-applied-science-masc-civil-engineering","University of Waterloo","15-Engineering Technology",University - Master
48051,Ontario,Waterloo,"Master of Applied Science in Civil Engineering - Structures, Mechanics and Construction Engineering Field","https://uwaterloo.ca/graduate-studies-academic-calendar/engineering/department-civil-and-environmental-engineering/master-applied-science-masc-civil-engineering","University of Waterloo","15-Engineering Technology",University - Master
24000,Ontario,Toronto,"Master of Applied Science in Electrical and Computer Engineering","https://www.ryerson.ca/graduate/programs/electrical-computer-engineering/","Ryerson University","15-Engineering Technology",University - Master
35567,Ontario,Oshawa,"Master of Applied Science in Electrical and Computer Engineering","https://ontariotechu.ca/programs/engineering-and-applied-science/electrical-and-computer-engineering-masters-program.php","OntarioTech University","15-Engineering Technology",University - Master
4412,Ontario,Waterloo,"Master of Applied Science in Electrical and Computer Engineering (14 areas of research)","https://uwaterloo.ca/graduate-studies-academic-calendar/engineering/department-electrical-and-computer-engineering/master-applied-science-masc-electrical-and-computer-engineering","University of Waterloo","15-Engineering Technology",University - Master
40927,Ontario,Waterloo,"Master of Applied Science in Electrical and Computer Engineering - Nanotechnology","https://uwaterloo.ca/graduate-studies-academic-calendar/engineering/department-electrical-and-computer-engineering/master-applied-science-masc-electrical-and-computer-engineering-nanotechnology","University of Waterloo","15-Engineering Technology",University - Master
40928,Ontario,Waterloo,"Master of Applied Science in Electrical and Computer Engineering - Quantum Information","https://uwaterloo.ca/graduate-studies-academic-calendar/engineering/department-electrical-and-computer-engineering/master-applied-science-masc-electrical-and-computer-engineering-quantum-information","University of Waterloo","15-Engineering Technology",University - Master
52683,Ontario,Toronto,"Master of Applied Science in Electrical and Computer Engineering, Accelerated Pathway Plan","https://www.ryerson.ca/engineering-architectural-science/programs/undergraduate/accelerated-masc-pathway/","Ryerson University","15-Engineering Technology",University - Master
52684,Ontario,Toronto,"Master of Applied Science in Environmental Applied Science and Management, Accelerated Pathway Plan","https://www.ryerson.ca/engineering-architectural-science/programs/undergraduate/accelerated-masc-pathway/","Ryerson University","15-Engineering Technology",University - Master
25849,Ontario,Ottawa,"Master of Applied Science in Human-Computer Interaction","http://graduate.carleton.ca/programs/human-computer-interaction-masters/","Carleton University","15-Engineering Technology",University - Master
33919,Ontario,Oshawa,"Master of Applied Science in Mechanical Engineering","https://ontariotechu.ca/programs/engineering-and-applied-science/mechanical-engineering-masters-program.php","OntarioTech University","15-Engineering Technology",University - Master
4411,Ontario,Waterloo,"Master of Applied Science in Mechanical Engineering and Mechatronics Engineering","https://uwaterloo.ca/graduate-studies-academic-calendar/engineering/department-mechanical-and-mechatronics-engineering/master-applied-science-masc-mechanical-and-mechatronics-engineering","University of Waterloo","15-Engineering Technology",University - Master
52685,Ontario,Toronto,"Master of Applied Science in Mechanical and Industrial Engineering, Accelerated Pathway Plan","https://www.ryerson.ca/engineering-architectural-science/programs/undergraduate/accelerated-masc-pathway/","Ryerson University","15-Engineering Technology",University - Master
40946,Ontario,Waterloo,"Master of Applied Science in Mechanical and Mechatronics Engineering - Nanotechnology","https://uwaterloo.ca/graduate-studies-academic-calendar/engineering/department-mechanical-and-mechatronics-engineering/master-applied-science-masc-mechanical-and-mechatronics-engineering-nanotechnology","University of Waterloo","15-Engineering Technology",University - Master
36523,Ontario,Ottawa,"Master of Applied Science in Sustainable Energy","http://graduate.carleton.ca/programs/sustainable-energy-masters/","Carleton University","15-Engineering Technology",University - Master
41009,Ontario,Waterloo,"Master of Applied Science in Systems Design Engineering (8 areas of research)","https://uwaterloo.ca/graduate-studies-academic-calendar/engineering/department-systems-design-engineering/master-applied-science-masc-systems-design-engineering","University of Waterloo","15-Engineering Technology",University - Master
41015,Ontario,Waterloo,"Master of Applied Science in Systems Design Engineering - Nanotechnology","https://uwaterloo.ca/graduate-studies-academic-calendar/engineering/department-systems-design-engineering/master-applied-science-masc-systems-design-engineering-nanotechnology","University of Waterloo","15-Engineering Technology",University - Master
35320,Ontario,Ottawa,"Master of Applied Science in Technology Innovation Management","http://graduate.carleton.ca/programs/technology-innovation-management-masters/","Carleton University","15-Engineering Technology",University - Master
50195,Newfoundland and Labrador,St. John's,"Master of Applied Sciences in Technology Management","https://www.mi.mun.ca//programsandcourses/programs/technologymanagementengineeringtechnologyandappliedscience/","Memorial University of Newfoundland","15-Engineering Technology",University - Master
25847,Ontario,Ottawa,"Master of Arts in Human-Computer Interaction","http://graduate.carleton.ca/programs/human-computer-interaction-masters/","Carleton University","15-Engineering Technology",University - Master
18858,Ontario,Ottawa,"Master of Arts in Sustainable Energy","http://graduate.carleton.ca/programs/sustainable-energy-masters/","Carleton University","15-Engineering Technology",University - Master
28849,Ontario,Toronto,"Master of Building Science","https://www.ryerson.ca/graduate/programs/building-science/","Ryerson University","15-Engineering Technology",University - Master
52757,Ontario,Waterloo,"Master of Data Science and Artificial Intelligence (MDSAI)","https://uwaterloo.ca/graduate-studies-academic-calendar/mathematics/data-science-and-artificial-intelligence/master-data-science-and-artificial-intelligence-mdsai","University of Waterloo","15-Engineering Technology",University - Master
30601,British Columbia,Vancouver,"Master of Engineering Leadership in Dependable Software Systems","http://apscpp.ubc.ca/programs/mel/dependable-software-systems/","University of British Columbia","15-Engineering Technology",University - Master
30446,British Columbia,Vancouver,"Master of Engineering Leadership in Integrated Water Management","http://www.calendar.ubc.ca/vancouver/index.cfm?tree=12,195,982,0","University of British Columbia","15-Engineering Technology",University - Master
48666,Ontario,Oshawa,"Master of Engineering Management","https://gradstudies.ontariotechu.ca/future_students/programs/masters_programs/engineering_management/index.php","OntarioTech University","15-Engineering Technology",University - Master
19032,Ontario,Windsor,"Master of Engineering Management (MEM) (Joint program between the Faculty of Engineering and the Odette School of Business)","http://www.uwindsor.ca/graduate/2014/engineering-management","University of Windsor","15-Engineering Technology",University - Master
48455,Ontario,Waterloo,"Master of Engineering degree with a Graduate Diploma in Design (GDD)","https://uwaterloo.ca/mechanical-mechatronics-engineering/future-graduate-students/strategic-design-engineering-product-development-and","University of Waterloo","15-Engineering Technology",University - Master
35564,Ontario,Oshawa,"Master of Engineering in Automotive Engineering","https://ontariotechu.ca/programs/engineering-and-applied-science/automotive-engineering-masters-program.php","OntarioTech University","15-Engineering Technology",University - Master
40930,Ontario,Waterloo,"Master of Engineering in Electrical and Computer Engineering","https://uwaterloo.ca/graduate-studies-academic-calendar/engineering/department-electrical-and-computer-engineering/master-engineering-meng-electrical-and-computer-engineering","University of Waterloo","15-Engineering Technology",University - Master
24001,Ontario,Toronto,"Master of Engineering in Electrical and Computer Engineering","https://www.ryerson.ca/graduate/programs/electrical-computer-engineering/","Ryerson University","15-Engineering Technology",University - Master
35568,Ontario,Oshawa,"Master of Engineering in Electrical and Computer Engineering","https://ontariotechu.ca/programs/engineering-and-applied-science/electrical-and-computer-engineering-masters-program.php","OntarioTech University","15-Engineering Technology",University - Master
21164,Ontario,Waterloo,"Master of Engineering in Electrical and Computer Engineering - Artificial Intelligence and Machine Learning","https://uwaterloo.ca/graduate-studies-academic-calendar/engineering/department-electrical-and-computer-engineering/master-engineering-meng-electrical-and-computer-engineering","University of Waterloo","15-Engineering Technology",University - Master
48153,Ontario,Waterloo,"Master of Engineering in Electrical and Computer Engineering - Nanoelectronic Circuits and Systems","https://uwaterloo.ca/graduate-studies-academic-calendar/engineering/department-electrical-and-computer-engineering/master-engineering-meng-electrical-and-computer-engineering","University of Waterloo","15-Engineering Technology",University - Master
51282,Ontario,Waterloo,"Master of Engineering in Electrical and Computer Engineering - Nanoelectronic Devices and Materials","https://uwaterloo.ca/graduate-studies-academic-calendar/engineering/department-electrical-and-computer-engineering/master-engineering-meng-electrical-and-computer-engineering","University of Waterloo","15-Engineering Technology",University - Master
51272,Ontario,Waterloo,"Master of Engineering in Electrical and Computer Engineering - Software","https://uwaterloo.ca/graduate-studies-academic-calendar/engineering/department-electrical-and-computer-engineering/master-engineering-meng-electrical-and-computer-engineering","University of Waterloo","15-Engineering Technology",University - Master
51226,Ontario,Waterloo,"Master of Engineering in Electrical and Computer Engineering - Sustainable Energy","https://uwaterloo.ca/graduate-studies-academic-calendar/engineering/department-electrical-and-computer-engineering/master-engineering-meng-electrical-and-computer-engineering","University of Waterloo","15-Engineering Technology",University - Master
22794,Ontario,Guelph,"Master of Engineering in Engineering Systems and Computing","https://www.uoguelph.ca/registrar/calendars/graduate/current/gradprog/engg.shtml","University of Guelph","15-Engineering Technology",University - Master
52643,Ontario,Toronto,"Master of Engineering in Innovation and Entrepreneurship","https://www.ryerson.ca/graduate/programs/engineering-innovation-entrepreneurship/","Ryerson University","15-Engineering Technology",University - Master
43951,British Columbia,Prince George,"Master of Engineering in Integrated Wood Design","https://www.unbc.ca/graduate-engineering","University of Northern British Columbia","15-Engineering Technology",University - Master
52641,Ontario,Toronto,"Master of Engineering in Mechanical and Industrial Engineering","https://www.ryerson.ca/graduate/programs/mechanical-industrial-engineering/","Ryerson University","15-Engineering Technology",University - Master
24304,Ontario,Waterloo,"Master of Engineering in Mechanical and Mechatronics Engineering","https://uwaterloo.ca/graduate-studies-academic-calendar/engineering/department-mechanical-and-mechatronics-engineering/master-engineering-meng-mechanical-and-mechatronics-engineering","University of Waterloo","15-Engineering Technology",University - Master
51289,Ontario,Breslau,"Master of Engineering in Mechanical and Mechatronics Engineering - Green Energy Specialization","https://uwaterloo.ca/graduate-studies-academic-calendar/engineering/department-mechanical-and-mechatronics-engineering/master-engineering-meng-mechanical-and-mechatronics-engineering","University of Waterloo","15-Engineering Technology",University - Master
52725,Ontario,Waterloo,"Master of Engineering in Mechanical and Mechatronics Engineering - Strategic Design for Engineering, Product Development and Advanced Manufacturing","https://uwaterloo.ca/mechanical-mechatronics-engineering/future-graduate-students/strategic-design-engineering-product-development-and","University of Waterloo","15-Engineering Technology",University - Master
5131,British Columbia,Vancouver,"Master of Engineering in Mining Engineering with option in Mineral Processing","https://www.grad.ubc.ca/prospective-students/graduate-degree-programs/master-of-applied-science-mining-engineering","University of British Columbia","15-Engineering Technology",University - Master
5249,British Columbia,Vancouver,"Master of Engineering in Mining Engineering with option in Mining Geotechnics","https://www.grad.ubc.ca/prospective-students/graduate-degree-programs/master-of-applied-science-mining-engineering","University of British Columbia","15-Engineering Technology",University - Master
35387,British Columbia,Vancouver,"Master of Engineering in Mining Engineering with option in Mining Sustainability and the Environment","https://www.grad.ubc.ca/prospective-students/graduate-degree-programs/master-of-applied-science-mining-engineering","University of British Columbia","15-Engineering Technology",University - Master
6255,Ontario,Ottawa,"Master of Engineering in Sustainable Energy","http://graduate.carleton.ca/programs/sustainable-energy-masters/","Carleton University","15-Engineering Technology",University - Master
24305,Ontario,Waterloo,"Master of Engineering in Systems Design Engineering","https://uwaterloo.ca/graduate-studies-academic-calendar/engineering/department-systems-design-engineering/master-engineering-meng-systems-design-engineering","University of Waterloo","15-Engineering Technology",University - Master
51286,Ontario,Waterloo,"Master of Engineering in Systems Design Engineering - Artificial Intelligence and Machine Learning","https://uwaterloo.ca/graduate-studies-academic-calendar/engineering/department-systems-design-engineering/master-engineering-meng-systems-design-engineering","University of Waterloo","15-Engineering Technology",University - Master
51141,Ontario,Waterloo,"Master of Engineering in Systems Design Engineering - Biomedical Systems","https://uwaterloo.ca/graduate-studies-academic-calendar/engineering/department-systems-design-engineering/master-engineering-meng-systems-design-engineering","University of Waterloo","15-Engineering Technology",University - Master
51244,Ontario,Waterloo,"Master of Engineering in Systems Design Engineering - Human Factors","https://uwaterloo.ca/graduate-studies-academic-calendar/engineering/department-systems-design-engineering/master-engineering-meng-systems-design-engineering","University of Waterloo","15-Engineering Technology",University - Master
28231,Ontario,Waterloo,"Master of Engineering in Systems Design Engineering - Mechatronics and Physical Systems","https://uwaterloo.ca/graduate-studies-academic-calendar/engineering/department-systems-design-engineering/master-engineering-meng-systems-design-engineering","University of Waterloo","15-Engineering Technology",University - Master
4421,Ontario,Waterloo,"Master of Engineering in Systems Design Engineering - Vision, Image and Signal Processing","https://uwaterloo.ca/graduate-studies-academic-calendar/engineering/department-systems-design-engineering/master-engineering-meng-systems-design-engineering","University of Waterloo","15-Engineering Technology",University - Master
6161,Ontario,Ottawa,"Master of Engineering in Technology Innovation Management","http://graduate.carleton.ca/programs/technology-innovation-management-masters/","Carleton University","15-Engineering Technology",University - Master
2533,Newfoundland and Labrador,St. John's,"Master of Engineering in Technology Management","https://www.mi.mun.ca//programsandcourses/programs/technologymanagementengineeringtechnologyandappliedscience/","Memorial University of Newfoundland","15-Engineering Technology",University - Master
40957,Ontario,Waterloo,"Master of Engineering with a Graduate Diploma in Fire Safety","https://uwaterloo.ca/mechanical-mechatronics-engineering/current-graduate-students/master-engineering-meng-students/masters-engineering-graduate-diploma-fire-safety","University of Waterloo","15-Engineering Technology",University - Master
52726,Ontario,Waterloo,"Master of Engineering with a Graduate Diploma in Green Energy","https://uwaterloo.ca/mechanical-mechatronics-engineering/master-engineering-graduate-diploma-green-energy","University of Waterloo","15-Engineering Technology",University - Master
7648,British Columbia,Victoria,"Master of Engineering/MBA in Electrical and Computer Engineering","https://www.uvic.ca/engineering/ece/future/graduate/index.php","University of Victoria","15-Engineering Technology",University - Master
11325,Ontario,Windsor,"Master of Industrial Engineering (MASc)","http://www.uwindsor.ca/engineering/mengprog","University of Windsor","15-Engineering Technology",University - Master
36524,Ontario,Ottawa,"Master of Infrastructure Protection and International Security","https://graduate.carleton.ca/cu-programs/infrastructure-protection-international-security-masters/","Carleton University","15-Engineering Technology",University - Master
52507,Ontario,Guelph,"Master of Science in Computer Science - Artificial Intelligence Field","https://www.uoguelph.ca/registrar/calendars/graduate/current/gradprog/cis-msc.shtml","University of Guelph","15-Engineering Technology",University - Master
52651,Ontario,Toronto,"Master of Science in Electrical and Computer Engineering","https://www.ryerson.ca/graduate/programs/electrical-computer-engineering/","Ryerson University","15-Engineering Technology",University - Master
52642,Ontario,Toronto,"Master of Science in Mechanical and Industrial Engineering","https://www.ryerson.ca/graduate/programs/mechanical-industrial-engineering/","Ryerson University","15-Engineering Technology",University - Master
33914,Ontario,Oshawa,"Master of Science in Modelling and Computational Science","https://gradstudies.ontariotechu.ca/future_students/programs/masters_programs/modelling_and_computationalscience/index.php","OntarioTech University","15-Engineering Technology",University - Master
5280,British Columbia,Vancouver,"Master of Software Systems","https://www.grad.ubc.ca/prospective-students/graduate-degree-programs/master-of-engineering-leadership-dependable-software-systems","University of British Columbia","15-Engineering Technology",University - Master
49939,British Columbia,Vancouver,"Science & Technology Commercialization (Graduate Certificate)","http://www.sfu.ca/science.html","Simon Fraser University","15-Engineering Technology",University - Master
40355,Ontario,Hamilton,"Technology, Entrepreneurship and Innovation (M.T.E.I.)","https://graduate.mcmaster.ca/programs/technology-entrepreneurship-and-innovation","McMaster University","15-Engineering Technology",University - Master
44643,British Columbia,Kamloops,"Water and Wastewater Technology Diploma","http://www.tru.ca/programs/catalogue/water-and-wastewater-technology-diploma.html","Thompson Rivers University","15-Engineering Technology",University - Master
44645,British Columbia,Kamloops,"Water and Wastewater Utilities Certificate","http://www.tru.ca/programs/catalogue/water-and-wastewater-utilities.html","Thompson Rivers University","15-Engineering Technology",University - Master
