30332,British Columbia,Cranbrook,"Foundation in Industrial Mechanic (Millwright)","https://cotr.bc.ca/programs/industrial-mechanic-millwright/industrial-mechanic-millwright-foundation/","College of the Rockies","47-Mechanic and Repair Technology",College
13970,Ontario,Toronto,"(Automotive) Motive Power Technician - Technical","https://www.centennialcollege.ca/programs-courses/full-time/automotive-motive-power-technician-technical/","Centennial College of Applied Arts and Technology","47-Mechanic and Repair Technology",College
39644,Ontario,Toronto,"(Heavy Duty Equipment) Motive Power Technician","https://www.centennialcollege.ca/programs-courses/full-time/heavy-duty-equipment-motive-power-technician/","Centennial College of Applied Arts and Technology","47-Mechanic and Repair Technology",College
39646,Ontario,Toronto,"(Truck and Coach) Motive Power Technician","https://www.centennialcollege.ca/programs-courses/full-time/truck-and-coach-motive-power-technician/","Centennial College of Applied Arts and Technology","47-Mechanic and Repair Technology",College
17431,Ontario,London,"Advanced Diploma in Aviation Technology - Aircraft Maintenance and Avionics","https://www.fanshawec.ca/programs/avi1-aviation-technology-aircraft-maintenance-and-avionics/current","Fanshawe College of Applied Arts and Technology","47-Mechanic and Repair Technology",College
17461,Ontario,London,"Advanced Diploma in Aviation Technology - Aircraft Maintenance and Avionics (Co-op)","https://www.fanshawec.ca/programs/avi2-aviation-technology-aircraft-maintenance-and-avionics-co-op/next","Fanshawe College of Applied Arts and Technology","47-Mechanic and Repair Technology",College
26989,Southport,Science and Technology,"Aircraft Maintenance Engineer","https://me.rrc.mb.ca/catalogue/ProgramInfo.aspx?ProgCode=AIRMF-DP&RegionCode=WPG","Red River College of Applied Arts","47-Mechanic and Repair Technology",College
26989,Winnipeg,Science and Technology,"Aircraft Maintenance Engineer","https://me.rrc.mb.ca/catalogue/ProgramInfo.aspx?ProgCode=AIRMF-DP&RegionCode=WPG","Red River College of Applied Arts","47-Mechanic and Repair Technology",College
24619,Alberta,Calgary,"Aircraft Maintenance Engineers Technology","https://www.sait.ca/programs-and-courses/diplomas/aircraft-maintenance-engineers-technology","Southern Alberta Institute of Technology (SAIT)","47-Mechanic and Repair Technology",College
13878,Ontario,North Bay,"Aircraft Structural Repair Technician (1 year – Ontario College Certificate)","https://www.canadorecollege.ca/programs/aircraft-structural-repair-technician","Canadore College","47-Mechanic and Repair Technology",College
24621,Alberta,Calgary,"Aircraft Structures Technician","https://www.sait.ca/programs-and-courses/certificates/aircraft-structures-technician","Southern Alberta Institute of Technology (SAIT)","47-Mechanic and Repair Technology",College
30689,British Columbia,Campbell River,"Aircraft Structures Technician (AME-S)","https://www.nic.bc.ca/programs-courses/trades-technical/transportation-programs/aircraft-structures-technician-ame-s/","North Island College","47-Mechanic and Repair Technology",College
13484,British Columbia,Kelowna,"Apprenticeship in Automotive Service Technology Diploma","https://www.okanagan.bc.ca/automotive-service-technology-diploma","Okanagan College","47-Mechanic and Repair Technology",College
20500,British Columbia,Burnaby,"Associate Certificate in Hydronic Technician","https://www.bcit.ca/study/programs/1790acert","British Columbia Institute of Technology (BCIT)","47-Mechanic and Repair Technology",College
40180,Ontario,Toronto,"Auto Body Mechanics Certificate","https://db2.centennialcollege.ca/ce/programdetail.php?CertificateCode=7708","Centennial College of Applied Arts and Technology","47-Mechanic and Repair Technology",College
31527,Alberta,Calgary,"Auto Body Preparation Certificate of Achievement","https://www.sait.ca/programs-and-courses/certificates/auto-body-preparation","Southern Alberta Institute of Technology (SAIT)","47-Mechanic and Repair Technology",College
13968,Ontario,Toronto,"Auto Body Repair Techniques","https://www.centennialcollege.ca/programs-courses/full-time/auto-body-repair-techniques/","Centennial College of Applied Arts and Technology","47-Mechanic and Repair Technology",College
19138,Saskatchewan,Regina,"Auto Body Technician","https://saskpolytech.ca/programs-and-courses/programs/Auto-Body-Technician.aspx","Saskatchewan Polytechnic","47-Mechanic and Repair Technology",College
19138,Saskatchewan,Saskatoon,"Auto Body Technician","https://saskpolytech.ca/programs-and-courses/programs/Auto-Body-Technician.aspx","Saskatchewan Polytechnic","47-Mechanic and Repair Technology",College
18150,New Brunswick,Saint John,"Auto Body and Collision Technician","http://www.nbcc.ca/programs-courses/program-details?baseCurriculumId=5622c0b9-23bb-4bbd-beb3-670909357063","New Brunswick Community College","47-Mechanic and Repair Technology",College
40188,Ontario,Toronto,"Auto Service Advisor Certificate","https://db2.centennialcollege.ca/ce/programdetail.php?CertificateCode=7285","Centennial College of Applied Arts and Technology","47-Mechanic and Repair Technology",College
35019,British Columbia,Chilliwack,"Automotive Collision Repair & Refinishing Certificate","http://www.ufv.ca/automotive_collision_repair/","University of the Fraser Valley","47-Mechanic and Repair Technology",College
40272,Ontario,Toronto,"Automotive Electrical/Electronics 1","https://www.centennialcollege.ca/programs-courses/full-time/course/automotive-electricalelectronics-1/","Centennial College of Applied Arts and Technology","47-Mechanic and Repair Technology",College
19146,Saskatchewan,Moose Jaw,"Automotive Service Technician","https://saskpolytech.ca/programs-and-courses/programs/Automotive-Service-Technician.aspx","Saskatchewan Polytechnic","47-Mechanic and Repair Technology",College
19146,Saskatchewan,Saskatoon,"Automotive Service Technician","https://saskpolytech.ca/programs-and-courses/programs/Automotive-Service-Technician.aspx","Saskatchewan Polytechnic","47-Mechanic and Repair Technology",College
18152,New Brunswick,Moncton,"Automotive Service Technician","http://www.nbcc.ca/programs-courses/program-details?baseCurriculumId=69df2589-32ef-4654-afca-7a4e166caab9","New Brunswick Community College","47-Mechanic and Repair Technology",College
18152,New Brunswick,Saint John,"Automotive Service Technician","http://www.nbcc.ca/programs-courses/program-details?baseCurriculumId=69df2589-32ef-4654-afca-7a4e166caab9","New Brunswick Community College","47-Mechanic and Repair Technology",College
38421,Newfoundland and Labrador,Creston,"Automotive Service Technician","http://keyin.ca/program/automotive-service-technician/","Keyin College","47-Mechanic and Repair Technology",College
44314,Ontario,Toronto,"Automotive Service Technician","http://www.scbt.ca/programs/automotive-service-technician/","Stanford International College of Business & Technology","47-Mechanic and Repair Technology",College
30021,British Columbia,Fort St. John,"Automotive Service Technician - Foundation (Fort St. John)","https://www.nlc.bc.ca/Programs/All-Programs-Alphabetical/Automotive-Service-Technician-Apprenticeship","Northern Lights College","47-Mechanic and Repair Technology",College
13155,British Columbia,Chilliwack,"Automotive Service Technician Certificate","https://www.ufv.ca/automotive/","University of the Fraser Valley","47-Mechanic and Repair Technology",College
13432,British Columbia,Campbell River,"Automotive Service Technician Foundation Harmonized Certificate","https://www.nic.bc.ca/programs-courses/trades-technical/transportation-programs/automotive-service-technician-harmonized-certificate/","North Island College","47-Mechanic and Repair Technology",College
13432,British Columbia,Port Alberni,"Automotive Service Technician Foundation Harmonized Certificate","https://www.nic.bc.ca/programs-courses/trades-technical/transportation-programs/automotive-service-technician-harmonized-certificate/","North Island College","47-Mechanic and Repair Technology",College
39712,Ontario,Toronto,"Automotive Service Technician Pre-Apprenticeship","https://www.centennialcollege.ca/programs-courses/full-time/automotive-service-technician-pre-apprenticeship/","Centennial College of Applied Arts and Technology","47-Mechanic and Repair Technology",College
24629,Alberta,Calgary,"Automotive Service Technology","https://www.sait.ca/programs-and-courses/diplomas/automotive-service-technology","Southern Alberta Institute of Technology (SAIT)","47-Mechanic and Repair Technology",College
26573,Alberta,Lethbridge,"Automotive Systems","https://lethbridgecollege.ca/programs/automotive-systems","Lethbridge College","47-Mechanic and Repair Technology",College
17307,Manitoba,Brandon,"Automotive Technician","https://assiniboine.net/programs/automotive-technician","Assiniboine Community College","47-Mechanic and Repair Technology",College
30908,Ontario,Oshawa,"Automotive Technician – Service and Management (Motive Power Technician)","https://durhamcollege.ca/programs/automotive-technician-service-and-management-motive-power-technician","Durham College of Applied Arts and Technology","47-Mechanic and Repair Technology",College
18448,Prince Edward Island,Summerside,"Automotive Technology","https://www.hollandcollege.com/programs/automotive-technology.html","Holland College","47-Mechanic and Repair Technology",College
18323,New Brunswick,Moncton,"Automotive Technology","https://nbcc.ca/programs-courses/program-details?baseCurriculumId=da0e2a90-8c32-45d7-bcf5-9c76e5af9c95","New Brunswick Community College","47-Mechanic and Repair Technology",College
18323,New Brunswick,Saint John,"Automotive Technology","https://nbcc.ca/programs-courses/program-details?baseCurriculumId=da0e2a90-8c32-45d7-bcf5-9c76e5af9c95","New Brunswick Community College","47-Mechanic and Repair Technology",College
50153,Saskatchewan,Regina,"Automotive painter (16 weeks)","https://saskpolytech.ca/programs-and-courses/programs/Automotive-Painter.aspx","Saskatchewan Polytechnic","47-Mechanic and Repair Technology",College
50153,Saskatchewan,Saskatoon,"Automotive painter (16 weeks)","https://saskpolytech.ca/programs-and-courses/programs/Automotive-Painter.aspx","Saskatchewan Polytechnic","47-Mechanic and Repair Technology",College
13966,Ontario,Toronto,"Aviation Technician - Aircraft Maintenance","https://www.centennialcollege.ca/programs-courses/full-time/aviation-technician-aircraft-maintenance/","Centennial College of Applied Arts and Technology","47-Mechanic and Repair Technology",College
14089,Ontario,Thunder Bay,"Aviation Technician - Aircraft Maintenance","http://www.confederationcollege.ca/program/aviation-technician-aircraft-maintenance","Confederation College of Applied Arts and Technology","47-Mechanic and Repair Technology",College
18699,Ontario,Hamilton,"Aviation Technician - Aircraft Maintenance","https://www.mohawkcollege.ca/programs/technology/aviation-technician-aircraft-maintenance-269","Mohawk College of Applied Arts and Technology","47-Mechanic and Repair Technology",College
13888,Ontario,North Bay,"Aviation Technician - Aircraft Maintenance (2 years – Ontario College Diploma)","https://www.canadorecollege.ca/programs/aviation-technician-aircraft-maintenance","Canadore College","47-Mechanic and Repair Technology",College
50494,Ontario,Stoney Creek,"Aviation Technician - Aircraft Structures","https://www.mohawkcollege.ca/programs/technology/aviation-technician-aircraft-structures-289","Mohawk College of Applied Arts and Technology","47-Mechanic and Repair Technology",College
13967,Ontario,Toronto,"Aviation Technician - Avionics Maintenance","https://www.centennialcollege.ca/programs-courses/full-time/aviation-technician-avionics-maintenance/","Centennial College of Applied Arts and Technology","47-Mechanic and Repair Technology",College
52261,Ontario,Hamilton,"Aviation Technician - Avionics Maintenance","https://www.mohawkcollege.ca/programs/technology/aviation-technician-avionics-maintenance-299","Mohawk College of Applied Arts and Technology","47-Mechanic and Repair Technology",College
13877,Ontario,North Bay,"Aviation Technician - Avionics Maintenance (2 years – Ontario College Diploma)","https://www.canadorecollege.ca/programs/aviation-technician-avionics-maintenance","Canadore College","47-Mechanic and Repair Technology",College
39220,Ontario,North Bay,"Aviation Technology - Aircraft Maintenance and Avionics (3 years – Ontario College Advanced Diploma)","https://www.canadorecollege.ca/programs/aviation-technology-aircraft-maintenance-and-avionics","Canadore College","47-Mechanic and Repair Technology",College
39222,Ontario,North Bay,"Aviation Technology - Aircraft Maintenance and Structures (3 years – Ontario College Advanced Diploma)","https://www.canadorecollege.ca/programs/aviation-technology-aircraft-maintenance-and-structures","Canadore College","47-Mechanic and Repair Technology",College
24630,Alberta,Calgary,"Avionics Technology","https://www.sait.ca/programs-and-courses/diplomas/avionics-technology","Southern Alberta Institute of Technology (SAIT)","47-Mechanic and Repair Technology",College
39591,New Brunswick,Moncton,"CNC Machining","https://nbcc.ca/programs-courses/program-details?baseCurriculumId=7d54776b-649c-42c4-ae46-fd56c12ba46e","New Brunswick Community College","47-Mechanic and Repair Technology",College
12735,British Columbia,Richmond,"Certificate in Aircraft Gas Turbine Technician","https://www.bcit.ca/study/programs/1030certts","British Columbia Institute of Technology (BCIT)","47-Mechanic and Repair Technology",College
32598,British Columbia,Vernon,"Certificate in Aircraft Maintenance Engineer - Structures","https://www.okanagan.bc.ca/Programs/Areas_of_Study/trades/departments/aero/Aircraft_Maintenance_Engineer__AME__Structures.html","Okanagan College","47-Mechanic and Repair Technology",College
43518,British Columbia,Vancouver,"Certificate in Aircraft Maintenance Studies","http://www.dorsetcollege.bc.ca/programs.html","Dorset College","47-Mechanic and Repair Technology",College
38662,Ontario,London,"Certificate in Aircraft Structural Repair Technician","https://www.fanshawec.ca/programs/asr1-aircraft-structural-repair-technician/next","Fanshawe College of Applied Arts and Technology","47-Mechanic and Repair Technology",College
17352,Newfoundland and Labrador,Stephenville,"Certificate in Aircraft Structural Repair Technician","https://www.cna.nl.ca/program/aircraft-structural-repair-technician","College of the North Atlantic","47-Mechanic and Repair Technology",College
17640,Ontario,London,"Certificate in Auto Body Repair Techniques","https://www.fanshawec.ca/programs/abt1-auto-body-repair-techniques/next","Fanshawe College of Applied Arts and Technology","47-Mechanic and Repair Technology",College
12741,British Columbia,Burnaby,"Certificate in Automotive Refinishing Technician Foundation","https://www.bcit.ca/study/programs/1125ttcert","British Columbia Institute of Technology (BCIT)","47-Mechanic and Repair Technology",College
17356,Newfoundland and Labrador,Gander,"Certificate in Automotive Service Technician","https://www.cna.nl.ca/program/automotive-service-technician","College of the North Atlantic","47-Mechanic and Repair Technology",College
17356,Newfoundland and Labrador,St. John's,"Certificate in Automotive Service Technician","https://www.cna.nl.ca/program/automotive-service-technician","College of the North Atlantic","47-Mechanic and Repair Technology",College
17356,Newfoundland and Labrador,Stephenville,"Certificate in Automotive Service Technician","https://www.cna.nl.ca/program/automotive-service-technician","College of the North Atlantic","47-Mechanic and Repair Technology",College
43521,British Columbia,Vancouver,"Certificate in Automotive Service Technician Studies","http://www.dorsetcollege.bc.ca/programs.html","Dorset College","47-Mechanic and Repair Technology",College
18519,Manitoba,The Pas,"Certificate in Automotive Technician","https://www.ucn.ca/sites/academics/tradetech/programofferings/automotive/Pages/Automotive.aspx","University College of the North","47-Mechanic and Repair Technology",College
18519,Manitoba,Thompson,"Certificate in Automotive Technician","https://www.ucn.ca/sites/academics/tradetech/programofferings/automotive/Pages/Automotive.aspx","University College of the North","47-Mechanic and Repair Technology",College
26173,British Columbia,Burnaby,"Certificate in Automotive Technician - Toyota Foundation","https://www.bcit.ca/study/programs/1375ttcert","British Columbia Institute of Technology (BCIT)","47-Mechanic and Repair Technology",College
26179,British Columbia,Burnaby,"Certificate in Automotive Technician Foundation","https://www.bcit.ca/study/programs/1355ttcert","British Columbia Institute of Technology (BCIT)","47-Mechanic and Repair Technology",College
19539,Winnipeg,Science and Technology,"Certificate in Collision Repair and Refinishing","https://catalogue.rrc.ca/Programs/WPG/Fulltime/COLFF-CT","Red River College of Applied Arts","47-Mechanic and Repair Technology",College
20325,Manitoba,Winnipeg,"Certificate in Electronics Technician (Formerly Industrial Electronics)","http://mitt.ca/programs/post-secondary-programs/40/industrial-electronics","Manitoba Institute of Trades and Technology","47-Mechanic and Repair Technology",College
17521,Ontario,London,"Certificate in Gas Technician II","https://www.fanshawec.ca/pt/gtn1w-gas-technician-ii","Fanshawe College of Applied Arts and Technology","47-Mechanic and Repair Technology",College
38768,British Columbia,Burnaby,"Certificate in Heating, Ventilation, Air Conditioning and Refrigeration Technician","https://www.bcit.ca/study/programs/2955ttcert","British Columbia Institute of Technology (BCIT)","47-Mechanic and Repair Technology",College
19638,Winnipeg,Science and Technology,"Certificate in Heavy Duty Equipment Mechanic","https://catalogue.rrc.ca/Programs/WPG/Fulltime/HEADF-CT","Red River College of Applied Arts","47-Mechanic and Repair Technology",College
32340,British Columbia,Nelson,"Certificate in Heavy Mechanical Foundation","http://selkirk.ca/program/heavy-mechanical-foundation","Selkirk College","47-Mechanic and Repair Technology",College
38965,British Columbia,Delta,"Certificate in Heavy Mechanical Trades Foundation","https://www.bcit.ca/study/programs/1940cert","British Columbia Institute of Technology (BCIT)","47-Mechanic and Repair Technology",College
12878,British Columbia,Victoria,"Certificate in Heavy Mechanical Trades Foundation","http://camosun.ca/learn/programs/heavy-mechanical-trades-foundation/","Camosun College","47-Mechanic and Repair Technology",College
12797,British Columbia,Burnaby,"Certificate in Machinist Foundation","https://www.bcit.ca/study/programs/2175ttcert","British Columbia Institute of Technology (BCIT)","47-Mechanic and Repair Technology",College
19727,Winnipeg,Science and Technology,"Certificate in Marine and Powersports Technician","https://catalogue.rrc.ca/Programs/WPG/FullTime/MARPF-CT","Red River College of Applied Arts","47-Mechanic and Repair Technology",College
12805,British Columbia,Burnaby,"Certificate in Millwright Foundation","https://www.bcit.ca/study/programs/2230cert","British Columbia Institute of Technology (BCIT)","47-Mechanic and Repair Technology",College
12807,British Columbia,Burnaby,"Certificate in Motorcycle and Power Equipment Technician Foundation","https://www.bcit.ca/study/programs/2360ttcert","British Columbia Institute of Technology (BCIT)","47-Mechanic and Repair Technology",College
12821,British Columbia,Burnaby,"Certificate in Refrigeration Mechanic Foundation","https://www.bcit.ca/study/programs/2320ttcert","British Columbia Institute of Technology (BCIT)","47-Mechanic and Repair Technology",College
19731,Winnipeg,Science and Technology,"Certificate in Refrigeration and Air Conditioning Technician","https://catalogue.rrc.ca/Programs/WPG/Fulltime/REF5F-CT","Red River College of Applied Arts","47-Mechanic and Repair Technology",College
32599,British Columbia,Kelowna,"Collision Repair and Refinishing Diploma","https://www.okanagan.bc.ca/collision-repair-and-refinishing-diploma","Okanagan College","47-Mechanic and Repair Technology",College
37802,Newfoundland and Labrador,Stephenville,"Computer Service Technician","http://www.westerncollege.net/computerservicetecnician.html","Western College","47-Mechanic and Repair Technology",College
17567,Ontario,London,"Declaration of Academic Achievement in AutoCAD Operator Training","https://www.fanshawec.ca/pt/aot1-autocad-operator-training","Fanshawe College of Applied Arts and Technology","47-Mechanic and Repair Technology",College
33839,Alberta,Calgary,"Diesel Equipment Technician","https://www.sait.ca/programs-and-courses/certificates/diesel-equipment-technician","Southern Alberta Institute of Technology (SAIT)","47-Mechanic and Repair Technology",College
12736,British Columbia,Richmond,"Diploma in Aircraft Maintenance Engineer Category 'M' (Maintenance)","https://www.bcit.ca/study/programs/1010dipts#details","British Columbia Institute of Technology (BCIT)","47-Mechanic and Repair Technology",College
45036,Ontario,Ottawa,"Diploma in Aircraft Maintenance Technician","https://www.algonquincollege.com/sat/program/aircraft-maintenance-technician/","Algonquin College of Applied Arts and Technology","47-Mechanic and Repair Technology",College
45748,British Columbia,Prince George,"Diploma in Automotive Service Technician","http://www.cnc.bc.ca/programs-courses/Mobile_Crane.htm","College of New Caledonia","47-Mechanic and Repair Technology",College
26178,British Columbia,Burnaby,"Diploma in Automotive Service Technician - Ford ASSET Option","https://www.bcit.ca/study/programs/143adipma","British Columbia Institute of Technology (BCIT)","47-Mechanic and Repair Technology",College
12745,British Columbia,Burnaby,"Diploma in Automotive Service Technician and Operations","https://www.bcit.ca/study/programs/1430dipma","British Columbia Institute of Technology (BCIT)","47-Mechanic and Repair Technology",College
46292,British Columbia,Burnaby,"Diploma in Automotive Service Technician and Operations - Non-Co-op Option","https://www.bcit.ca/study/programs/143bdipma","British Columbia Institute of Technology (BCIT)","47-Mechanic and Repair Technology",College
19498,Winnipeg,Science and Technology,"Diploma in Automotive Technician","https://catalogue.rrc.ca/Programs/WPG/Fulltime/AUTDF-DP","Red River College of Applied Arts","47-Mechanic and Repair Technology",College
19494,Winnipeg,Science and Technology,"Diploma in Automotive Technology","https://catalogue.rrc.ca/Programs/WPG/FullTime/AUTIF-DP","Red River College of Applied Arts","47-Mechanic and Repair Technology",College
52691,British Columbia,Cranbrook,"Diploma in Autonomous Systems Technician","https://cotr.bc.ca/programs/autonomous-systems-technician/","College of the Rockies","47-Mechanic and Repair Technology",College
38924,British Columbia,Richmond,"Diploma in Aviation Maintenance Technician - Avionics","https://www.bcit.ca/study/programs/1130dipma","British Columbia Institute of Technology (BCIT)","47-Mechanic and Repair Technology",College
38668,Ontario,London,"Diploma in Aviation Technician - Aircraft Maintenance","https://www.fanshawec.ca/programs/aam3-aviation-technician-aircraft-maintenance/current","Fanshawe College of Applied Arts and Technology","47-Mechanic and Repair Technology",College
17407,Ontario,London,"Diploma in Aviation Technician - Aircraft Maintenance (Co-op)","https://www.fanshawec.ca/programs/aam4-aviation-technician-aircraft-maintenance-co-op/next","Fanshawe College of Applied Arts and Technology","47-Mechanic and Repair Technology",College
17691,Ontario,London,"Diploma in Aviation Technician - Avionics Maintenance","https://www.fanshawec.ca/programs/avm3-aviation-technician-avionics-maintenance/current","Fanshawe College of Applied Arts and Technology","47-Mechanic and Repair Technology",College
17655,Ontario,London,"Diploma in Aviation Technician - Avionics Maintenance (Co-op)","https://www.fanshawec.ca/programs/avm4-aviation-technician-avionics-maintenance-co-op/next","Fanshawe College of Applied Arts and Technology","47-Mechanic and Repair Technology",College
34707,Ontario,Ottawa,"Diploma in Aviation Techniques - Aircraft Maintenance","https://www.algonquincollege.com/sat/program/aircraft-maintenance-technician/","Algonquin College of Applied Arts and Technology","47-Mechanic and Repair Technology",College
20566,British Columbia,Burnaby,"Diploma in CNC Machinist Technician","https://www.bcit.ca/study/programs/1525ttdipl","British Columbia Institute of Technology (BCIT)","47-Mechanic and Repair Technology",College
25869,Ontario,Ottawa,"Diploma in Heating, Refrigeration and Air Conditioning Technician (42 weeks)","https://www.algonquincollege.com/acce/program/heating-refrigeration-and-air-conditioning-technician/","Algonquin College of Applied Arts and Technology","47-Mechanic and Repair Technology",College
20565,British Columbia,Burnaby,"Diploma in Heating, Ventilation, Air Conditioning and Refrigeration Technician","https://www.bcit.ca/study/programs/2990ttdipl","British Columbia Institute of Technology (BCIT)","47-Mechanic and Repair Technology",College
18534,Manitoba,The Pas,"Diploma in Heavy Duty Mechanics","https://www.ucn.ca/sites/academics/tradetech/programofferings/heavyduty/Pages/Heavy-Duty-Mechanics.aspx","University College of the North","47-Mechanic and Repair Technology",College
52085,Ontario,Ottawa,"Diploma in Motive Power Technician (42 weeks)","https://www.algonquincollege.com/sat/program/motive-power-technician/","Algonquin College of Applied Arts and Technology","47-Mechanic and Repair Technology",College
38733,Ontario,London,"Diploma in Motive Power Technician - Automotive","https://www.fanshawec.ca/programs/mta7-motive-power-technician-automotive/next","Fanshawe College of Applied Arts and Technology","47-Mechanic and Repair Technology",College
38734,Ontario,London,"Diploma in Motive Power Technician - Diesel","https://www.fanshawec.ca/programs/mtd7-motive-power-technician-diesel/next","Fanshawe College of Applied Arts and Technology","47-Mechanic and Repair Technology",College
52087,Ontario,Ottawa,"Diploma in Motive Power Technician - Diesel Equipment and Truck (42 weeks)","https://www.algonquincollege.com/sat/program/motive-power-technician-diesel-equipment-truck/","Algonquin College of Applied Arts and Technology","47-Mechanic and Repair Technology",College
39690,Ontario,Kitchener,"Electrical Technician - Industrial (Co-op)","https://www.conestogac.on.ca/fulltime/electrical-technician-industrial","Conestoga College Institute of Technology and Advanced Learning","47-Mechanic and Repair Technology",College
39693,Ontario,Whitby,"Electrical Techniques","https://durhamcollege.ca/programs/electrical-techniques","Durham College of Applied Arts and Technology","47-Mechanic and Repair Technology",College
39691,Ontario,Ingersoll,"Electrical Techniques","https://www.conestogac.on.ca/fulltime/electrical-techniques","Conestoga College Institute of Technology and Advanced Learning","47-Mechanic and Repair Technology",College
39691,Ontario,Waterloo,"Electrical Techniques","https://www.conestogac.on.ca/fulltime/electrical-techniques","Conestoga College Institute of Technology and Advanced Learning","47-Mechanic and Repair Technology",College
38823,Ontario,Toronto,"Electronics Technician Program (Distance Education)","https://www.georgebrown.ca/programs/electronics-technician-program-distance-education-t901/?year=2018#overviewContenthttps://www.georgebrown.ca/programs/electronics-technician-program-distance-education-t901/?year=2019","George Brown College","47-Mechanic and Repair Technology",College
40294,Ontario,Toronto,"Fluid Power Technician Certificate","https://db2.centennialcollege.ca/ce/programdetail.php?CertificateCode=7412","Centennial College of Applied Arts and Technology","47-Mechanic and Repair Technology",College
33186,British Columbia,Prince George,"Foundation Program in Automotive Service Technician","http://www.cnc.bc.ca/programs-courses/Automotive_Service_Technician.htm","College of New Caledonia","47-Mechanic and Repair Technology",College
30339,British Columbia,Cranbrook,"Foundation in Automotive Service Technician","https://cotr.bc.ca/programs/automotive-service-technician/automotive-service-technician-foundation/","College of the Rockies","47-Mechanic and Repair Technology",College
15880,British Columbia,Cranbrook,"Foundation in Heavy Duty Equipment Technician","https://cotr.bc.ca/programs/heavy-duty/heavy-duty-foundation/","College of the Rockies","47-Mechanic and Repair Technology",College
44323,Ontario,Mississauga,"Gas Fitter Level 3","https://www.scbt.ca/programs/gas-fitter-level-3-9-wks-full-time","Stanford International College of Business & Technology","47-Mechanic and Repair Technology",College
44323,Ontario,Scarborough,"Gas Fitter Level 3","https://www.scbt.ca/programs/gas-fitter-level-3-9-wks-full-time","Stanford International College of Business & Technology","47-Mechanic and Repair Technology",College
44323,Ontario,Toronto,"Gas Fitter Level 3","https://www.scbt.ca/programs/gas-fitter-level-3-9-wks-full-time","Stanford International College of Business & Technology","47-Mechanic and Repair Technology",College
37651,Ontario,Collingwood,"Gas Technician","http://www.georgiancollege.ca/academics/full-time-programs/gas-technician-gast/","Georgian College","47-Mechanic and Repair Technology",College
37651,Ontario,Owen Sound,"Gas Technician","http://www.georgiancollege.ca/academics/full-time-programs/gas-technician-gast/","Georgian College","47-Mechanic and Repair Technology",College
44324,Ontario,Mississauga,"Gas Technician (G3 & G2)","https://www.scbt.ca/programs/gas-technician-g3-g2-full-time","Stanford International College of Business & Technology","47-Mechanic and Repair Technology",College
44324,Ontario,Scarborough,"Gas Technician (G3 & G2)","https://www.scbt.ca/programs/gas-technician-g3-g2-full-time","Stanford International College of Business & Technology","47-Mechanic and Repair Technology",College
44324,Ontario,Toronto,"Gas Technician (G3 & G2)","https://www.scbt.ca/programs/gas-technician-g3-g2-full-time","Stanford International College of Business & Technology","47-Mechanic and Repair Technology",College
14244,Ontario,Whitby,"Gas Technician 2","https://durhamcollege.ca/programs/gas-technician-2","Durham College of Applied Arts and Technology","47-Mechanic and Repair Technology",College
37421,Alberta,Fairview,"Harley-Davidson Technician Certificate","https://www.gprc.ab.ca/programs/harley-davidson-technician.html","Grande Prairie Regional College","47-Mechanic and Repair Technology",College
39982,Alberta,Edmonton,"Heating Ventilation Air Conditioning Refrigeration Technician","http://www.nait.ca/program_home_78351.htm","Northern Alberta Institute of Technology (NAIT)","47-Mechanic and Repair Technology",College
15229,Ontario,Windsor,"Heating, Refrigeration & Air Conditioning Technician","http://www.stclaircollege.ca/programs/postsec/hvac/","St. Clair College of Applied Arts and Technology","47-Mechanic and Repair Technology",College
25979,Ontario,Toronto,"Heating, Refrigeration and Air Conditioning Technician","https://www.centennialcollege.ca/programs-courses/full-time/heating-refrigeration-and-ac-technician/","Centennial College of Applied Arts and Technology","47-Mechanic and Repair Technology",College
18049,Ontario,Toronto,"Heating, Refrigeration and Air Conditioning Technician","https://www.georgebrown.ca/programs/heating-refrigeration-and-air-conditioning-technician-program-t160/?year=2019","George Brown College","47-Mechanic and Repair Technology",College
23081,Ontario,Toronto,"Heating, Refrigeration and Air Conditioning Technician","https://appliedtechnology.humber.ca/index.php?q=programs/heating-refrigeration-and-air-conditioning-technician.html","Humber College of Applied Arts and Technology","47-Mechanic and Repair Technology",College
39692,Ontario,Waterloo,"Heating, Refrigeration and Air Conditioning Technician","http://www.conestogac.on.ca/fulltime/heating-refrigeration-and-air-conditioning-technician","Conestoga College Institute of Technology and Advanced Learning","47-Mechanic and Repair Technology",College
27739,Ontario,Stoney Creek,"Heating, Refrigeration and Air Conditioning Techniques","https://www.mohawkcollege.ca/programs/skilled-trades/heating-refrigeration-and-air-conditioning-techniques-180","Mohawk College of Applied Arts and Technology","47-Mechanic and Repair Technology",College
38830,Ontario,Toronto,"Heating, Refrigeration and Air Conditioning Technology","https://www.georgebrown.ca/programs/heating-refrigeration-and-air-conditioning-technology-program-t162/?year=2019","George Brown College","47-Mechanic and Repair Technology",College
23106,Ontario,Toronto,"Heating, Refrigeration and Air Conditioning Technology","http://appliedtechnology.humber.ca/programs/heating-refrigeration-and-air-conditioning-technology.html","Humber College of Applied Arts and Technology","47-Mechanic and Repair Technology",College
13788,Ontario,Sudbury,"Heating, Ventilation & Air Conditioning Technician (HVTN)","http://cambriancollege.ca/programs/heating-ventilation-air-conditioning-technician/","Cambrian College","47-Mechanic and Repair Technology",College
26042,Ontario,Whitby,"Heating, Ventilation and Air Conditioning Techniques (HVAC)","https://durhamcollege.ca/programs/heating-ventilation-and-air-conditioning-techniques-hvac","Durham College of Applied Arts and Technology","47-Mechanic and Repair Technology",College
17321,Manitoba,Brandon,"Heavy Duty Equipment Technician","https://assiniboine.net/programs/heavy-duty-equipment-technician","Assiniboine Community College","47-Mechanic and Repair Technology",College
31019,Saskatchewan,Meadow Lake,"Heavy Equipment & Truck & Transport Certificate","https://northwestcollege.ca/program.html?ProgramID=70&NavID=8&loc=558","North West College","47-Mechanic and Repair Technology",College
49454,Saskatchewan,Saskatoon,"Heavy Equipment And Truck And Transport (19-week program)","https://saskpolytech.ca/programs-and-courses/programs/Heavy-Equipment-and-Truck-and-Transport.aspx","Saskatchewan Polytechnic","47-Mechanic and Repair Technology",College
49455,Saskatchewan,Saskatoon,"Heavy Equipment And Truck And Transport Technician (35 weeks)","https://saskpolytech.ca/programs-and-courses/programs/Heavy-Equipment-and-Truck-and-Transport-Technician.aspx","Saskatchewan Polytechnic","47-Mechanic and Repair Technology",College
41263,Alberta,Lac La Biche,"Heavy Equipment Operator","http://www.portagecollege.ca/Programs/Trades-and-Technology/Heavy-Equipment-Operator","Portage College","47-Mechanic and Repair Technology",College
46948,New Brunswick,Miramichi,"Heavy Equipment Operator","http://www.nbcc.ca/programs-courses/specialized-full-time-programs/heavy-equipment-operator","New Brunswick Community College","47-Mechanic and Repair Technology",College
37748,Newfoundland and Labrador,Creston,"Heavy Equipment Operator","http://keyin.ca/program/heavy-equipment-operator/","Keyin College","47-Mechanic and Repair Technology",College
19952,Saskatchewan,Warman,"Heavy Equipment Operator (HEO)","https://www.greatplainscollege.ca/programs-courses/college-trades-university/heavy-equipment-operator-heo","Great Plains College","47-Mechanic and Repair Technology",College
50688,British Columbia,Merritt,"Heavy Equipment Operator Foundation/Technician Certificate","http://www.nvit.ca/heavy-equipment-operator-foundationtechnician-certificate/program.aspx","Nicola Valley Institute of Technology","47-Mechanic and Repair Technology",College
18161,New Brunswick,Miramichi,"Heavy Equipment Service Technician","http://www.nbcc.ca/programs-courses/program-details?baseCurriculumId=44ad616a-79a1-40c7-9adc-236156f8ba45","New Brunswick Community College","47-Mechanic and Repair Technology",College
13785,Ontario,Sudbury,"Heavy Equipment Technician (HDTN)","http://cambriancollege.ca/programs/heavy-equipment-technician/","Cambrian College","47-Mechanic and Repair Technology",College
32314,Ontario,South Porcupine,"Heavy Equipment Techniques","http://www.northernc.on.ca/heavy-equipment-techniques/","Northern College of Applied Arts and Technology","47-Mechanic and Repair Technology",College
19685,Saskatchewan,Yorkton,"Heavy Equipment Truck & Transport Technician","http://www.parklandcollege.sk.ca/programs/tradesapprenticeship/hetandtt.html","Parkland College","47-Mechanic and Repair Technology",College
48633,British Columbia,Terrace,"Heavy Mechanical Trades","https://catalogue.coastmountaincollege.ca/programs/heavy-mechanical-apprenticeship/","Coast Mountain College","47-Mechanic and Repair Technology",College
34256,British Columbia,Campbell River,"Heavy Mechanical Trades Foundation Certificate","https://www.nic.bc.ca/programs-courses/trades-technical/transportation-programs/heavy-mechanical-foundation/","North Island College","47-Mechanic and Repair Technology",College
18915,Alberta,Edmonton,"Industrial Heavy Equipment Technology","http://www.nait.ca/program_home_76895.htm","Northern Alberta Institute of Technology (NAIT)","47-Mechanic and Repair Technology",College
46538,Ontario,Kitchener,"Industrial Maintenance Mechanical Techniques","http://www.conestogac.on.ca/parttime/industrial-maintenance-mechanical-techniques","Conestoga College Institute of Technology and Advanced Learning","47-Mechanic and Repair Technology",College
32565,Ontario,Kingston,"Industrial Mechanic (Millwright) Apprenticeship (Level 1 to 3)","https://www.stlawrencecollege.ca/programs-and-courses/full-time/programs/a_m/industrial-mechanic-millwright-apprenticeship/kingston/","St. Lawrence College of Applied Arts and Technology","47-Mechanic and Repair Technology",College
48634,British Columbia,Terrace,"Industrial Mechanic (Millwright) Apprenticeship Levels 1-4","https://catalogue.coastmountaincollege.ca/programs/millwright-apprenticeship/","Coast Mountain College","47-Mechanic and Repair Technology",College
13787,Ontario,Sudbury,"Industrial Mechanical Millwright Technician (IMTN)","http://cambriancollege.ca/programs/industrial-mechanical-millwright-technician/","Cambrian College","47-Mechanic and Repair Technology",College
18293,New Brunswick,Miramichi,"Industrial Mechanics","http://www.nbcc.ca/programs-courses/program-details?baseCurriculumId=4b7cc444-3e34-46c4-b5ba-bb6e155389e1","New Brunswick Community College","47-Mechanic and Repair Technology",College
18293,New Brunswick,Saint John,"Industrial Mechanics","http://www.nbcc.ca/programs-courses/program-details?baseCurriculumId=4b7cc444-3e34-46c4-b5ba-bb6e155389e1","New Brunswick Community College","47-Mechanic and Repair Technology",College
19617,Saskatchewan,Prince Albert,"Industrial Mechanics (Applied Certificate, 16 weeks)","https://saskpolytech.ca/programs-and-courses/programs/Industrial-Mechanics-Applied-Certificate.aspx","Saskatchewan Polytechnic","47-Mechanic and Repair Technology",College
19617,Saskatchewan,Saskatoon,"Industrial Mechanics (Applied Certificate, 16 weeks)","https://saskpolytech.ca/programs-and-courses/programs/Industrial-Mechanics-Applied-Certificate.aspx","Saskatchewan Polytechnic","47-Mechanic and Repair Technology",College
33210,British Columbia,Coquitlam,"Light Warehouse Training","http://www.douglascollege.ca/programs-courses/catalogue/programs/CNLWTP","Douglas College","47-Mechanic and Repair Technology",College
18198,New Brunswick,Moncton,"Machinist","http://www.nbcc.ca/programs-courses/program-details?baseCurriculumId=baeb28c6-1ed3-4269-b5d3-df176021d8a0","New Brunswick Community College","47-Mechanic and Repair Technology",College
18198,New Brunswick,Saint John,"Machinist","http://www.nbcc.ca/programs-courses/program-details?baseCurriculumId=baeb28c6-1ed3-4269-b5d3-df176021d8a0","New Brunswick Community College","47-Mechanic and Repair Technology",College
18300,New Brunswick,St. Andrews,"Marine Diesel Mechanics","http://www.nbcc.ca/programs-courses/program-details?baseCurriculumId=35b024f3-26d6-4031-92a3-d27a4b6cd440","New Brunswick Community College","47-Mechanic and Repair Technology",College
24995,Ontario,Cambridge,"Mechanical Engineering Technician - Automated Manufacturing (Optional Co-op)","https://www.conestogac.on.ca/fulltime/mechanical-engineering-technician-automated-manufacturing","Conestoga College Institute of Technology and Advanced Learning","47-Mechanic and Repair Technology",College
18305,New Brunswick,Saint John,"Mechanical Technician (Optional Co-op)","http://www.nbcc.ca/programs-courses/program-details?baseCurriculumId=a47563fb-375e-4cce-9652-2cf8e41c30b5","New Brunswick Community College","47-Mechanic and Repair Technology",College
26170,Ontario,Toronto,"Mechanical Technician - CNC and Precision Machining","https://www.georgebrown.ca/programs/mechanical-technician-cnc-and-precision-machining-t173/?year=2019","George Brown College","47-Mechanic and Repair Technology",College
52266,Ontario,Stoney Creek,"Mechanical Technician - Elevating Devices","https://www.mohawkcollege.ca/programs/skilled-trades/mechanical-technician-elevating-devices-484","Mohawk College of Applied Arts and Technology","47-Mechanic and Repair Technology",College
14246,Ontario,Whitby,"Mechanical Technician – Elevating Devices (Co-op option available)","https://durhamcollege.ca/programs/mechanical-technician-elevating-devices","Durham College of Applied Arts and Technology","47-Mechanic and Repair Technology",College
26051,Ontario,Whitby,"Mechanical Technician – Millwright (Co-op option available)","https://durhamcollege.ca/programs/mechanical-technician-millwright","Durham College of Applied Arts and Technology","47-Mechanic and Repair Technology",College
14069,Ontario,Dryden,"Mechanical Techniques","http://www.confederationcollege.ca/program/mechanical-techniques","Confederation College of Applied Arts and Technology","47-Mechanic and Repair Technology",College
14069,Ontario,Fort Frances,"Mechanical Techniques","http://www.confederationcollege.ca/program/mechanical-techniques","Confederation College of Applied Arts and Technology","47-Mechanic and Repair Technology",College
14069,Ontario,Kenora,"Mechanical Techniques","http://www.confederationcollege.ca/program/mechanical-techniques","Confederation College of Applied Arts and Technology","47-Mechanic and Repair Technology",College
14069,Ontario,Thunder Bay,"Mechanical Techniques","http://www.confederationcollege.ca/program/mechanical-techniques","Confederation College of Applied Arts and Technology","47-Mechanic and Repair Technology",College
32208,Ontario,Hamilton,"Mechanical Techniques (Advanced Manufacturing Operations)","https://www.mohawkcollege.ca/programs/skilled-trades/mechanical-techniques-advanced-manufacturing-operations-568","Mohawk College of Applied Arts and Technology","47-Mechanic and Repair Technology",College
18671,Ontario,Stoney Creek,"Mechanical Techniques (Electrical Monitoring & Systems)","http://www.mohawkcollege.ca/programs/skilled-trades/mechanical-techniques-electrical-monitoring-systems-573","Mohawk College of Applied Arts and Technology","47-Mechanic and Repair Technology",College
32519,Ontario,Sault Ste. Marie,"Mechanical Techniques - Machine Shop","http://www.saultcollege.ca/Programs/Programs.asp?progcode=4040&cat=overview&groupcode=SKI","Sault College of Applied Arts and Technology","47-Mechanic and Repair Technology",College
26016,Ontario,Midland,"Mechanical Techniques - Marine Engine Mechanic","http://www.georgiancollege.ca/academics/full-time-programs/mechanical-techniques-marine-engine-mechanic-mtme/","Georgian College","47-Mechanic and Repair Technology",College
23200,Ontario,Toronto,"Mechanical Techniques - Millwright","https://appliedtechnology.humber.ca/index.php?q=programs/mechanical-techniques-millwright.html","Humber College of Applied Arts and Technology","47-Mechanic and Repair Technology",College
26018,Ontario,Midland,"Mechanical Techniques - Small Engine Mechanic","http://www.georgiancollege.ca/academics/full-time-programs/mechanical-techniques-small-engine-mechanic-mtse/","Georgian College","47-Mechanic and Repair Technology",College
32472,Ontario,Brampton,"Mechanical Techniques - Tool and Die Maker","https://academics.sheridancollege.ca/programs/mechanical-techniques-tool-and-die-maker","Sheridan Institute of Technology and Advanced Learning","47-Mechanic and Repair Technology",College
15374,Ontario,Haileybury,"Mechanical Techniques – Industrial Millwright Level 1 Apprenticeship","http://www.northernc.on.ca/mechanical-techniques-industrial-millwright/","Northern College of Applied Arts and Technology","47-Mechanic and Repair Technology",College
15374,Ontario,Kirkland Lake,"Mechanical Techniques – Industrial Millwright Level 1 Apprenticeship","http://www.northernc.on.ca/mechanical-techniques-industrial-millwright/","Northern College of Applied Arts and Technology","47-Mechanic and Repair Technology",College
15374,Ontario,Moosonee,"Mechanical Techniques – Industrial Millwright Level 1 Apprenticeship","http://www.northernc.on.ca/mechanical-techniques-industrial-millwright/","Northern College of Applied Arts and Technology","47-Mechanic and Repair Technology",College
15374,Ontario,South Porcupine,"Mechanical Techniques – Industrial Millwright Level 1 Apprenticeship","http://www.northernc.on.ca/mechanical-techniques-industrial-millwright/","Northern College of Applied Arts and Technology","47-Mechanic and Repair Technology",College
27727,Ontario,Hamilton,"Motive Power Fundamentals","https://www.mohawkcollege.ca/programs/skilled-trades/motive-power-fundamentals-187","Mohawk College of Applied Arts and Technology","47-Mechanic and Repair Technology",College
47834,Ontario,Guelph,"Motive Power Fundamentals - Automotive Repair","http://www.conestogac.on.ca/fulltime/motive-power-fundamentals-automotive-repair","Conestoga College Institute of Technology and Advanced Learning","47-Mechanic and Repair Technology",College
36736,Ontario,Sault Ste. Marie,"Motive Power Fundamentals - Automotive Repair","http://www.saultcollege.ca/Programs/Programs.asp?progcode=4041&cat=overview&groupcode=SKI","Sault College of Applied Arts and Technology","47-Mechanic and Repair Technology",College
19020,Ontario,Sault Ste. Marie,"Motive Power Fundamentals - Heavy Equipment and Truck Repair","http://www.saultcollege.ca/Programs/Programs.asp?progcode=5085&cat=overview&groupcode=SKI","Sault College of Applied Arts and Technology","47-Mechanic and Repair Technology",College
34890,Ontario,North Bay,"Motive Power Fundamentals - Motorcycle and Sport Vehicle Repair (1 year – Ontario College Certificate)","https://www.canadorecollege.ca/programs/motive-power-fundamentals-motorcycle-and-sport-vehicle-repair","Canadore College","47-Mechanic and Repair Technology",College
15235,Ontario,Windsor,"Motive Power Technician","http://www.stclaircollege.ca/programs/postsec/motive/","St. Clair College of Applied Arts and Technology","47-Mechanic and Repair Technology",College
15317,Ontario,Cornwall,"Motive Power Technician","https://www.stlawrencecollege.ca/programs-and-courses/full-time/programs/a_m/motive-power-technician/cornwall/","St. Lawrence College of Applied Arts and Technology","47-Mechanic and Repair Technology",College
18678,Ontario,Hamilton,"Motive Power Technician","https://www.mohawkcollege.ca/programs/skilled-trades/motive-power-technician-446","Mohawk College of Applied Arts and Technology","47-Mechanic and Repair Technology",College
13910,Ontario,North Bay,"Motive Power Technician (40 weeks – Ontario College Diploma)","https://www.canadorecollege.ca/programs/motive-power-technician","Canadore College","47-Mechanic and Repair Technology",College
32520,Ontario,Sault Ste. Marie,"Motive Power Technician - Advanced Repair","http://www.saultcollege.ca/Programs/Programs.asp?progcode=4044&cat=overview&groupcode=SKI","Sault College of Applied Arts and Technology","47-Mechanic and Repair Technology",College
33437,Ontario,South Porcupine,"Motive Power Technician - Automotive Service","http://www.northernc.on.ca/motive-power-technician-automotive-service/","Northern College of Applied Arts and Technology","47-Mechanic and Repair Technology",College
39831,Ontario,Guelph,"Motive Power Technician - Automotive Service","http://www.conestogac.on.ca/fulltime/motive-power-technician-automotive-service","Conestoga College Institute of Technology and Advanced Learning","47-Mechanic and Repair Technology",College
47835,Ontario,Guelph,"Motive Power Technician - Heavy Duty Equipment","http://www.conestogac.on.ca/fulltime/motive-power-technician-heavy-duty-equipment","Conestoga College Institute of Technology and Advanced Learning","47-Mechanic and Repair Technology",College
16892,Ontario,South Porcupine,"Motive Power Technician - Heavy Equipment","http://www.northernc.on.ca/motive-power-technician-heavy-equipment/","Northern College of Applied Arts and Technology","47-Mechanic and Repair Technology",College
34694,Ontario,Sudbury,"Motive Power Technician - Service and Management (VMTN)","http://cambriancollege.ca/programs/motive-power-technician-service-and-management/","Cambrian College","47-Mechanic and Repair Technology",College
39784,Ontario,Guelph,"Motive Power Technician - Truck and Coach","https://www.conestogac.on.ca/fulltime/motive-power-technician-truck-and-coach","Conestoga College Institute of Technology and Advanced Learning","47-Mechanic and Repair Technology",College
39962,Ontario,Sudbury,"Motive Power Technician - Truck and Coach (TCTN)","http://cambriancollege.ca/programs/motive-power-technician-truck-and-coach/","Cambrian College","47-Mechanic and Repair Technology",College
47836,Ontario,Guelph,"Motive Power Techniques - Heavy Duty Equipment Repair","https://www.conestogac.on.ca/fulltime/motive-power-techniques-heavy-duty-equipment-repair","Conestoga College Institute of Technology and Advanced Learning","47-Mechanic and Repair Technology",College
14123,Ontario,Thunder Bay,"Motive Power Techniques - Heavy Equipment","http://www.confederationcollege.ca/program/motive-power-techniques-heavy-equipment","Confederation College of Applied Arts and Technology","47-Mechanic and Repair Technology",College
39834,Ontario,Guelph,"Motive Power Techniques - Motorcycle and Power Sport Vehicles Repair","https://www.conestogac.on.ca/fulltime/motive-power-techniques-motorcycle-and-power-sport-vehicles-repair","Conestoga College Institute of Technology and Advanced Learning","47-Mechanic and Repair Technology",College
47837,Ontario,Guelph,"Motive Power Techniques - Truck and Coach Repair","https://www.conestogac.on.ca/fulltime/motive-power-techniques-truck-and-coach-repair","Conestoga College Institute of Technology and Advanced Learning","47-Mechanic and Repair Technology",College
46629,Ontario,Toronto,"Motorcycle Maintenance Certificate","https://db2.centennialcollege.ca/ce/programdetail.php?CertificateCode=7825","Centennial College of Applied Arts and Technology","47-Mechanic and Repair Technology",College
37428,Alberta,Fairview,"Motorcycle Mechanic Certificate","https://www.gprc.ab.ca/programs/motorcycle-mechanic.html","Grande Prairie Regional College","47-Mechanic and Repair Technology",College
35104,New Brunswick,Moncton,"Motorcycle Repair","http://www.nbcc.ca/programs-courses/program-details?baseCurriculumId=3a37b795-017f-4a89-b30f-b0208ddb4bfa","New Brunswick Community College","47-Mechanic and Repair Technology",College
13971,Ontario,Toronto,"Motorcycle and Powersports Product Repair Techniques","https://www.centennialcollege.ca/programs-courses/full-time/motorcycle-and-powersports-product-repair-techniques/","Centennial College of Applied Arts and Technology","47-Mechanic and Repair Technology",College
40335,Alberta,Fairview,"Parts and Materials Technician Certificate","https://www.gprc.ab.ca/programs/parts-materials-technician.html","Grande Prairie Regional College","47-Mechanic and Repair Technology",College
37121,Saskatchewan,Swift Current,"Power Engineering - Fourth Class","https://www.greatplainscollege.ca/programs-courses/college-trades-university/power-engineering-fourth-class","Great Plains College","47-Mechanic and Repair Technology",College
29963,Saskatchewan,Humboldt,"Power Engineering - Third (3rd) Class Theory - Post-Secondary Education - Trades & Technology","https://www.carltontrailcollege.com/view-program-session?programSessionId=398","Carlton Trail Regional College","47-Mechanic and Repair Technology",College
31099,Saskatchewan,Kindersley,"Power Engineering - Third Class","https://www.greatplainscollege.ca/programs-courses/college-trades-university/power-engineering-third-class#kindersley","Great Plains College","47-Mechanic and Repair Technology",College
31099,Saskatchewan,Swift Current,"Power Engineering - Third Class","https://www.greatplainscollege.ca/programs-courses/college-trades-university/power-engineering-third-class#kindersley","Great Plains College","47-Mechanic and Repair Technology",College
39124,Alberta,Slave Lake,"Power Engineering 3rd Class","https://www.northernlakescollege.ca/programs-courses/resource-technology","Northern Lakes College","47-Mechanic and Repair Technology",College
33990,Alberta,Slave Lake,"Power Engineering 4th Class","https://www.northernlakescollege.ca/programs-courses/resource-technology","Northern Lakes College","47-Mechanic and Repair Technology",College
39126,Alberta,Slave Lake,"Power Engineering 5th Class","https://www.northernlakescollege.ca/programs-courses/resource-technology","Northern Lakes College","47-Mechanic and Repair Technology",College
32209,Ontario,Stoney Creek,"Power Engineering Techniques","https://www.mohawkcollege.ca/programs/skilled-trades/power-engineering-techniques-482","Mohawk College of Applied Arts and Technology","47-Mechanic and Repair Technology",College
18700,Ontario,Hamilton,"Power Engineering Techniques - 3rd Class","https://www.mohawkcollege.ca/programs/skilled-trades/power-engineering-techniques-3rd-class-348","Mohawk College of Applied Arts and Technology","47-Mechanic and Repair Technology",College
19506,Saskatchewan,Saskatoon,"Power Engineering Technology","https://saskpolytech.ca/programs-and-courses/programs/Power-Engineering-Technology.aspx","Saskatchewan Polytechnic","47-Mechanic and Repair Technology",College
33131,Ontario,Owen Sound,"Power Engineering Technology (Co-op)","http://www.georgiancollege.ca/academics/full-time-programs/power-engineering-technology-co-op-pety/","Georgian College","47-Mechanic and Repair Technology",College
15231,Ontario,Chatham,"Powerline Technician","http://www.stclaircollege.ca/programs/postsec/powerline_technician/","St. Clair College of Applied Arts and Technology","47-Mechanic and Repair Technology",College
39753,Ontario,Kitchener,"Powerline Technician (Co-op)","https://www.conestogac.on.ca/fulltime/powerline-technician-co-op","Conestoga College Institute of Technology and Advanced Learning","47-Mechanic and Repair Technology",College
45795,Alberta,Calgary,"Pre-employment Auto Body","https://www.sait.ca/apprenticeships-and-trades/apprenticeship-and-pre-employment-programs/pre-employment-certificates/pre-employment-auto-body","Southern Alberta Institute of Technology (SAIT)","47-Mechanic and Repair Technology",College
19545,Saskatchewan,Saskatoon,"Refrigeration and Air Conditioning (34 weeks)","https://saskpolytech.ca/programs-and-courses/programs/Refrigeration-and-Air-Conditioning.aspx","Saskatchewan Polytechnic","47-Mechanic and Repair Technology",College
13540,British Columbia,Kelowna,"Refrigeration and Air Conditioning Mechanic Certificate","https://www.okanagan.bc.ca/refrigeration-and-air-conditioning-mechanic#program_details","Okanagan College","47-Mechanic and Repair Technology",College
18324,New Brunswick,St. Andrews,"Refrigeration and Air Conditioning Technician","http://www.nbcc.ca/programs-courses/program-details?baseCurriculumId=935cc161-0993-4af4-8527-72d75e0c840e","New Brunswick Community College","47-Mechanic and Repair Technology",College
20509,British Columbia,Burnaby,"Statement of Completion in Roadworks Maintenance","https://www.bcit.ca/study/programs/5620000000","British Columbia Institute of Technology (BCIT)","47-Mechanic and Repair Technology",College
40523,Ontario,Toronto,"Steering, Suspension and Brakes Certificate","https://db2.centennialcollege.ca/ce/programdetail.php?CertificateCode=7818","Centennial College of Applied Arts and Technology","47-Mechanic and Repair Technology",College
40347,Alberta,Fairview,"ThinkBIG Service Technician","https://www.gprc.ab.ca/programs/thinkbig-service-technician.html","Grande Prairie Regional College","47-Mechanic and Repair Technology",College
18705,Ontario,Stoney Creek,"Utilities Systems Operator","http://www.mohawkcollege.ca/skilled-trades-programs/utilities-systems-operator-certificate.html","Mohawk College of Applied Arts and Technology","47-Mechanic and Repair Technology",College
49493,Saskatchewan,Saskatoon,"Warehouse Worker (8 weeks , Online/Distance)","https://saskpolytech.ca/programs-and-courses/programs/Warehouse-Worker.aspx","Saskatchewan Polytechnic","47-Mechanic and Repair Technology",College
36021,Prince Edward Island,Summerside,"Wind Turbine Technician","https://www.hollandcollege.com/programs/wind-turbine-technology.html","Holland College","47-Mechanic and Repair Technology",College
48474,New Brunswick,Moncton,"Women in Welding","https://nbcc.ca/programs-courses/specialized-full-time-programs/women-in-welding","New Brunswick Community College","47-Mechanic and Repair Technology",College
