25806,Ontario,Ottawa,"Apprenticeship Certificate - Auto Body Repairer (24 weeks)","https://www.algonquincollege.com/sat/program/auto-body-repairer/","Algonquin College of Applied Arts and Technology","47-Mechanic and Repair Technology",Training
15542,British Columbia,Dawson Creek,"Aircraft Maintenance Engineering - Basic Training","http://www.nlc.bc.ca/Programs/All-Programs-Alphabetical/Aircraft-Maintenance-Engineering-Basic-Training","Northern Lights College","47-Mechanic and Repair Technology",Training
30012,British Columbia,Dawson Creek,"Aircraft Maintenance Engineering - Type Training- Helicopter Type Training","https://ce.nlc.bc.ca/store/c11/Helicopter_Type_Training.html","Northern Lights College","47-Mechanic and Repair Technology",Training
30126,British Columbia,Dawson Creek,"Aircraft Mechanic Basics Certificate","https://www.nlc.bc.ca/Programs/All-Programs-Alphabetical/Aircraft-Mechanic-Basics","Northern Lights College","47-Mechanic and Repair Technology",Training
26990,Southport,Science and Technology,"Aircraft Structural Repair Technician","https://catalogue.rrc.ca/Programs/WPG/FullTime/AIRSF-CT","Red River College of Applied Arts","47-Mechanic and Repair Technology",Training
26990,Winnipeg,Science and Technology,"Aircraft Structural Repair Technician","https://catalogue.rrc.ca/Programs/WPG/FullTime/AIRSF-CT","Red River College of Applied Arts","47-Mechanic and Repair Technology",Training
44353,Ontario,Cambridge,"Appliance Service Technician - Pre-Apprenticeship Training","https://patinstitute.ca/toronto/training/appliance-service-technician/","Pre-Apprenticeship Training Institute","47-Mechanic and Repair Technology",Training
44353,Ontario,Toronto,"Appliance Service Technician - Pre-Apprenticeship Training","https://patinstitute.ca/toronto/training/appliance-service-technician/","Pre-Apprenticeship Training Institute","47-Mechanic and Repair Technology",Training
24814,Alberta,Calgary,"Appliance Service Technician Apprenticeship","https://www.sait.ca/apprenticeships-and-trades/apprenticeship-and-pre-employment-programs/apprenticeships/appliance-service-technician","Southern Alberta Institute of Technology (SAIT)","47-Mechanic and Repair Technology",Training
13210,British Columbia,Cloverdale,"Appliance Servicing: Certificate","http://www.kpu.ca/calendar/2018-19/trades/applianceservicing/applianceservicing-cert.html","Kwantlen Polytechnic University","47-Mechanic and Repair Technology",Training
17641,Ontario,London,"Apprentice in Automotive Service Technician [Apprenticeship]","https://www.fanshawec.ca/programs/ast5-automotive-service-technician-apprenticeship/next","Fanshawe College of Applied Arts and Technology","47-Mechanic and Repair Technology",Training
25813,Ontario,Ottawa,"Apprenticeship Certificate - Automotive Painter","https://www.algonquincollege.com/sat/program/automotive-painter/student-experience/","Algonquin College of Applied Arts and Technology","47-Mechanic and Repair Technology",Training
25811,Ontario,Ottawa,"Apprenticeship Certificate - Automotive Service Technician (24 weeks)","https://www.algonquincollege.com/sat/program/automotive-service-technician/","Algonquin College of Applied Arts and Technology","47-Mechanic and Repair Technology",Training
52033,Ontario,Ottawa,"Apprenticeship Certificate - Automotive Service Technician (GM-ASEP) - 32 weeks","https://www.algonquincollege.com/sat/program/automotive-service-technician-asep-gm/","Algonquin College of Applied Arts and Technology","47-Mechanic and Repair Technology",Training
33046,Ontario,Ottawa,"Apprenticeship Certificate in Residential Air Conditioning Systems Mechanic (16 weeks)","https://www.algonquincollege.com/acce/program/residential-ac-systems-mechanic/","Algonquin College of Applied Arts and Technology","47-Mechanic and Repair Technology",Training
25910,Ontario,Ottawa,"Apprenticeship Certificate in Truck and Coach Technician (24 weeks)","https://www.algonquincollege.com/sat/program/truck-and-coach-technician/","Algonquin College of Applied Arts and Technology","47-Mechanic and Repair Technology",Training
36862,Northwest Territories,Fort Smith,"Apprenticeship Electrician","http://www.auroracollege.nt.ca/_live/pages/wpPages/ProgramInfoDisplay.aspx?id=113&tp=PRG","Aurora College","47-Mechanic and Repair Technology",Training
36871,Northwest Territories,Fort Smith,"Apprenticeship Heavy Duty Equipment Technician","http://www.auroracollege.nt.ca/_live/pages/wpPages/ProgramInfoDisplay.aspx?id=121&tp=PRG","Aurora College","47-Mechanic and Repair Technology",Training
36872,Northwest Territories,Fort Smith,"Apprenticeship Housing Maintainer","http://www.auroracollege.nt.ca/_live/pages/wpPages/ProgramInfoDisplay.aspx?id=115&tp=PRG","Aurora College","47-Mechanic and Repair Technology",Training
12852,British Columbia,Victoria,"Apprenticeship Training","http://camosun.ca/learn/programs/apprenticeship/","Camosun College","47-Mechanic and Repair Technology",Training
38666,Ontario,London,"Apprenticeship in Auto Body and Collision Damage Repairer - Branch 1 - Block Release","https://www.fanshawec.ca/programs/abc5-auto-body-and-collision-damage-repairer-branch-i-block-release-apprenticeship/next","Fanshawe College of Applied Arts and Technology","47-Mechanic and Repair Technology",Training
38667,Ontario,London,"Apprenticeship in Auto Body and Collision Damage Repairer - Branch 2 - Block Release","https://www.fanshawec.ca/programs/abr3-auto-body-repairer-apprentice-branch-ii-block-release-apprenticeship/next","Fanshawe College of Applied Arts and Technology","47-Mechanic and Repair Technology",Training
20239,British Columbia,Kelowna,"Apprenticeship in Automotive Refinishing Prep Technician","http://webapps-5.okanagan.bc.ca/ok/calendar/calendar.aspx?page=AutomotiveRefinishing","Okanagan College","47-Mechanic and Repair Technology",Training
13396,British Columbia,Prince George,"Apprenticeship in Automotive Service Technician","https://cnc.bc.ca/programs-courses/programs/detail/apprentice-automotive-service-technician","College of New Caledonia","47-Mechanic and Repair Technology",Training
39873,Alberta,Medicine Hat,"Apprenticeship in Automotive Service Technician","https://www.mhc.ab.ca/ProgramsandCourses/Academic-Programs/Programs-of-Study/Automotive-Service-Technician","Medicine Hat College","47-Mechanic and Repair Technology",Training
15859,British Columbia,Cranbrook,"Apprenticeship in Automotive Service Technician","https://cotr.bc.ca/programs/automotive-service-technician/automotive-service-technician-apprenticeship/","College of the Rockies","47-Mechanic and Repair Technology",Training
17399,Ontario,London,"Apprenticeship in Automotive Service Technician - Block Release","https://www.fanshawec.ca/programs/ast4-automotive-service-technician-day-release-apprenticeship/current","Fanshawe College of Applied Arts and Technology","47-Mechanic and Repair Technology",Training
17400,Ontario,London,"Apprenticeship in Automotive Service Technician - GM - ASEP","https://www.fanshawec.ca/programs/mma3-automotive-service-technician-gm-asep-apprenticeship/current","Fanshawe College of Applied Arts and Technology","47-Mechanic and Repair Technology",Training
20233,British Columbia,Kelowna,"Apprenticeship in Automotive Service Technician Foundation","http://webapps-5.okanagan.bc.ca/ok/Calendar/automotive-service-technician-foundation","Okanagan College","47-Mechanic and Repair Technology",Training
13482,British Columbia,Revelstoke,"Apprenticeship in Collision Repair/Refinishing Prep Technician - Certificate","http://webapps-5.okanagan.bc.ca/ok/Calendar/CollisionRepair/RefinishingPrepTechnician","Okanagan College","47-Mechanic and Repair Technology",Training
21482,British Columbia,Cranbrook,"Apprenticeship in Heavy Duty Equipment Technician","https://cotr.bc.ca/programs/heavy-duty/heavy-duty-apprenticeship/","College of the Rockies","47-Mechanic and Repair Technology",Training
39859,Alberta,Medicine Hat,"Apprenticeship in Heavy Equipment Technician","https://www.mhc.ab.ca/ProgramsandCourses/Academic-Programs/Programs-of-Study/Heavy-Equipment-Technician","Medicine Hat College","47-Mechanic and Repair Technology",Training
38633,British Columbia,Prince George,"Apprenticeship in Heavy Mechanical Trades","https://cnc.bc.ca/programs-courses/programs/detail/apprentice-heavy-mechanical-trades","College of New Caledonia","47-Mechanic and Repair Technology",Training
38718,Ontario,London,"Apprenticeship in Industrial Electrician Apprentice - Block Release","https://www.fanshawec.ca/programs/iea1-industrial-electrician-apprentice-block-release-apprenticeship/current","Fanshawe College of Applied Arts and Technology","47-Mechanic and Repair Technology",Training
30347,British Columbia,Cranbrook,"Apprenticeship in Industrial Mechanic (Millwright)","https://cotr.bc.ca/programs/industrial-mechanic-millwright/industrial-mechanic-millwright-apprenticeship/","College of the Rockies","47-Mechanic and Repair Technology",Training
38719,Ontario,St. Thomas,"Apprenticeship in Industrial Mechanic - Millwright - Block, Day Release","https://www.fanshawec.ca/programs/ima3s-industrial-mechanic-millwright-block-day-release-apprenticeship/next","Fanshawe College of Applied Arts and Technology","47-Mechanic and Repair Technology",Training
32608,British Columbia,Kelowna,"Apprenticeship in Motor Vehicle Body Repairer","http://www.okanagan.bc.ca/page14848.aspx","Okanagan College","47-Mechanic and Repair Technology",Training
38610,British Columbia,Prince George,"Apprenticeship in Motor Vehicle Body Repairer","https://cnc.bc.ca/programs-courses/programs/detail/motor-vehicle-body-repairer","College of New Caledonia","47-Mechanic and Repair Technology",Training
38691,Ontario,London,"Apprenticeship in Pre-Apprentice in Parts Technician","https://www.fanshawec.ca/programs/ptp1-parts-technician-pre-apprentice/current","Fanshawe College of Applied Arts and Technology","47-Mechanic and Repair Technology",Training
38634,British Columbia,Penticton,"Apprenticeship in Recreation Vehicle Service Technician Certificate","http://webapps-5.okanagan.bc.ca/ok/Calendar/RecreationVehicleServiceTechnician","Okanagan College","47-Mechanic and Repair Technology",Training
38741,Ontario,Woodstock,"Apprenticeship in Residential Air Conditioning Systems Mechanic Apprentice - Block Release","https://www.fanshawec.ca/programs/ras2w-residential-air-conditioning-systems-mechanic-apprentice-block-release-apprenticeship/next","Fanshawe College of Applied Arts and Technology","47-Mechanic and Repair Technology",Training
17711,Ontario,London,"Apprenticeship in Truck and Coach Technician (Block Release) [Apprenticeship]","https://www.fanshawec.ca/programs/tct4-truck-and-coach-technician-block-release-apprenticeship/next","Fanshawe College of Applied Arts and Technology","47-Mechanic and Repair Technology",Training
17462,Ontario,London,"Apprenticeship in Truck and Coach Technician (Day Release) [Apprenticeship]","https://www.fanshawec.ca/programs/tct3-truck-and-coach-technician-day-release-apprenticeship/current","Fanshawe College of Applied Arts and Technology","47-Mechanic and Repair Technology",Training
13937,Ontario,Toronto,"Auto Body Repairer","https://www.centennialcollege.ca/programs-courses/full-time/auto-body-repairer/","Centennial College of Applied Arts and Technology","47-Mechanic and Repair Technology",Training
31435,Alberta,Edmonton,"Auto Body Technician","http://www.nait.ca/program_home_80736.htm","Northern Alberta Institute of Technology (NAIT)","47-Mechanic and Repair Technology",Training
38048,British Columbia,Surrey,"Auto Body Technician","https://www.cati.ca/careers/auto-body-technician/","Canadian Automotive and Trucking Institute","47-Mechanic and Repair Technology",Training
45838,Alberta,Calgary,"Auto Body Technician Apprenticeship","https://www.sait.ca/apprenticeships-and-trades/apprenticeship-and-pre-employment-programs/apprenticeships/auto-body-technician","Southern Alberta Institute of Technology (SAIT)","47-Mechanic and Repair Technology",Training
18711,Ontario,Stoney Creek,"Auto Body and Collision Damage Repairer","http://www.mohawkcollege.ca/calendar/apprenticeships/autobody.html","Mohawk College of Applied Arts and Technology","47-Mechanic and Repair Technology",Training
34339,Newfoundland and Labrador,St. John's,"Auto Body and Collision Technician (Pre-Employment)","https://www.academycanada.com/faculty-of-construction-trades-and-mining/auto-body-and-collision-technician/","Academy Canada","47-Mechanic and Repair Technology",Training
38052,British Columbia,Surrey,"Automotive Detailing Specialist","https://www.cati.ca/careers/automotive-detailing-specialist/","Canadian Automotive and Trucking Institute","47-Mechanic and Repair Technology",Training
38052,Ontario,Toronto,"Automotive Detailing Specialist","https://www.cati.ca/careers/automotive-detailing-specialist/","Canadian Automotive and Trucking Institute","47-Mechanic and Repair Technology",Training
38053,British Columbia,Surrey,"Automotive Diesel Service Technician","https://www.cati.ca/careers/automotive-diesel-service-technician-and-automotive-careers/","Canadian Automotive and Trucking Institute","47-Mechanic and Repair Technology",Training
13986,Ontario,Toronto,"Automotive Painter","https://db2.centennialcollege.ca/ce/coursedetail.php?CourseCode=CEAB-903","Centennial College of Applied Arts and Technology","47-Mechanic and Repair Technology",Training
38055,Quebec,Montreal,"Automotive Parts Specialist","http://www.cati.ca/careers/automotive-careers-and-the-automotive-parts-specialist/","Canadian Automotive and Trucking Institute","47-Mechanic and Repair Technology",Training
38055,British Columbia,Surrey,"Automotive Parts Specialist","http://www.cati.ca/careers/automotive-careers-and-the-automotive-parts-specialist/","Canadian Automotive and Trucking Institute","47-Mechanic and Repair Technology",Training
38055,Ontario,Toronto,"Automotive Parts Specialist","http://www.cati.ca/careers/automotive-careers-and-the-automotive-parts-specialist/","Canadian Automotive and Trucking Institute","47-Mechanic and Repair Technology",Training
32547,Ontario,Cornwall,"Automotive Service - Apprenticeship","http://www.stlawrencecollege.ca/programs-and-courses/full-time/programs/a_m/automotive-service-apprenticeship/cornwall/","St. Lawrence College of Applied Arts and Technology","47-Mechanic and Repair Technology",Training
36397,Quebec,Montreal,"Automotive Service Advisor","http://www.cati.ca/careers/automotive-service-advisor/","Canadian Automotive and Trucking Institute","47-Mechanic and Repair Technology",Training
36397,British Columbia,Surrey,"Automotive Service Advisor","http://www.cati.ca/careers/automotive-service-advisor/","Canadian Automotive and Trucking Institute","47-Mechanic and Repair Technology",Training
36397,Ontario,Toronto,"Automotive Service Advisor","http://www.cati.ca/careers/automotive-service-advisor/","Canadian Automotive and Trucking Institute","47-Mechanic and Repair Technology",Training
18726,Ontario,Stoney Creek,"Automotive Service Educational Program (A.S.E.P.)","http://www.mohawkcollege.ca/calendar/apprenticeships/AutoServiceEducPgm.html","Mohawk College of Applied Arts and Technology","47-Mechanic and Repair Technology",Training
19597,Saskatchewan,Regina,"Automotive Service Educational Program - ASEP (Apprenticeship)","https://saskpolytech.ca/programs-and-courses/browse-programs/apprenticeship/","Saskatchewan Polytechnic","47-Mechanic and Repair Technology",Training
13988,Ontario,Toronto,"Automotive Service Technician","https://www.centennialcollege.ca/programs-courses/full-time/automotive-service-technician/","Centennial College of Applied Arts and Technology","47-Mechanic and Repair Technology",Training
18712,Ontario,Hamilton,"Automotive Service Technician","http://www.mohawkcollege.ca/calendar/apprenticeships/auto-service-technician.html","Mohawk College of Applied Arts and Technology","47-Mechanic and Repair Technology",Training
32382,Ontario,Haileybury,"Automotive Service Technician","http://www.northernc.on.ca/trainingdivision/automotive-service-technician/","Northern College of Applied Arts and Technology","47-Mechanic and Repair Technology",Training
32382,Ontario,Kirkland Lake,"Automotive Service Technician","http://www.northernc.on.ca/trainingdivision/automotive-service-technician/","Northern College of Applied Arts and Technology","47-Mechanic and Repair Technology",Training
32382,Ontario,Moosonee,"Automotive Service Technician","http://www.northernc.on.ca/trainingdivision/automotive-service-technician/","Northern College of Applied Arts and Technology","47-Mechanic and Repair Technology",Training
32382,Ontario,South Porcupine,"Automotive Service Technician","http://www.northernc.on.ca/trainingdivision/automotive-service-technician/","Northern College of Applied Arts and Technology","47-Mechanic and Repair Technology",Training
33405,Alberta,Edmonton,"Automotive Service Technician","http://www.nait.ca/program_home_80756.htm","Northern Alberta Institute of Technology (NAIT)","47-Mechanic and Repair Technology",Training
38056,Quebec,Montreal,"Automotive Service Technician","http://www.cati.ca/careers/automotive-service-technician/","Canadian Automotive and Trucking Institute","47-Mechanic and Repair Technology",Training
38056,British Columbia,Surrey,"Automotive Service Technician","http://www.cati.ca/careers/automotive-service-technician/","Canadian Automotive and Trucking Institute","47-Mechanic and Repair Technology",Training
38056,Ontario,Toronto,"Automotive Service Technician","http://www.cati.ca/careers/automotive-service-technician/","Canadian Automotive and Trucking Institute","47-Mechanic and Repair Technology",Training
26501,Alberta,Vermilion,"Automotive Service Technician","https://www.lakelandcollege.ca/academics/trades-technology-apprenticeship/programs/automotive-service-technician/overview/default.aspx","Lakeland College","47-Mechanic and Repair Technology",Training
49346,Saskatchewan,Moose Jaw,"Automotive Service Technician (Apprenticeship)","https://saskpolytech.ca/programs-and-courses/programs/Automotive-Service-Technician.aspx","Saskatchewan Polytechnic","47-Mechanic and Repair Technology",Training
49346,Saskatchewan,Saskatoon,"Automotive Service Technician (Apprenticeship)","https://saskpolytech.ca/programs-and-courses/programs/Automotive-Service-Technician.aspx","Saskatchewan Polytechnic","47-Mechanic and Repair Technology",Training
25017,Ontario,Guelph,"Automotive Service Technician (Apprenticeship)","https://www.conestogac.on.ca/fulltime/automotive-service-technician-apprenticeship","Conestoga College Institute of Technology and Advanced Learning","47-Mechanic and Repair Technology",Training
34329,Newfoundland and Labrador,St. John's,"Automotive Service Technician (Pre-Employment)","https://www.academycanada.com/programs-and-courses/automotive-service-technician","Academy Canada","47-Mechanic and Repair Technology",Training
14235,Ontario,Whitby,"Automotive Service Technician - Apprenticeship","https://durhamcollege.ca/programs-and-courses/apprenticeships","Durham College of Applied Arts and Technology","47-Mechanic and Repair Technology",Training
26940,British Columbia,Fort St. John,"Automotive Service Technician - Apprenticeship (Levels 1 to 4)","http://www.nlc.bc.ca/Programs/All-Programs-Alphabetical/Automotive-Service-Technician-Apprenticeship","Northern Lights College","47-Mechanic and Repair Technology",Training
18956,Ontario,Sault Ste. Marie,"Automotive Service Technician - Apprenticeship Program","http://www.saultcollege.ca/Programs/Programs.asp?progcode=6067&cat=overview&groupcode=APP","Sault College of Applied Arts and Technology","47-Mechanic and Repair Technology",Training
40037,British Columbia,Dawson Creek,"Automotive Service Technician - Foundation (Dawson Creek)","http://www.nlc.bc.ca/Programs/All-Programs-Alphabetical/Automotive-Service-Technician-Foundation-Trades-DC","Northern Lights College","47-Mechanic and Repair Technology",Training
34406,Manitoba,Brandon,"Automotive Service Technician Apprenticeship","https://assiniboine.net/programs/automotive-service-technician","Assiniboine Community College","47-Mechanic and Repair Technology",Training
39466,Ontario,Thunder Bay,"Automotive Service Technician Apprenticeship","http://www.confederationcollege.ca/program/automotive-service-technician-apprenticeship","Confederation College of Applied Arts and Technology","47-Mechanic and Repair Technology",Training
24817,Alberta,Calgary,"Automotive Service Technician Apprenticeship","https://www.sait.ca/programs-and-courses/apprenticeships-and-trades/apprenticeship-programs/apprenticeship-automotive-service-technician","Southern Alberta Institute of Technology (SAIT)","47-Mechanic and Repair Technology",Training
13871,Ontario,North Bay,"Automotive Service Technician Apprenticeship (Level 1 Online – Certificate)","https://www.canadorecollege.ca/programs/automotive-service-technician-apprenticeship","Canadore College","47-Mechanic and Repair Technology",Training
39211,Ontario,North Bay,"Automotive Service Technician Apprenticeship Certificate (1 year – Ontario College Certificate)","https://www.canadorecollege.ca/programs/automotive-service-technician-apprenticeship","Canadore College","47-Mechanic and Repair Technology",Training
25931,Ontario,North Bay,"Automotive Service Technician Apprenticeship Dual Credit (1 year)","https://www.canadorecollege.ca/programs/automotive-service-technician-dual-credit","Canadore College","47-Mechanic and Repair Technology",Training
39667,Ontario,Toronto,"Automotive Service Technician Canadian Tire (MAP 32)","https://www.centennialcollege.ca/programs-courses/full-time/automotive-service-technician-canadian-tire/","Centennial College of Applied Arts and Technology","47-Mechanic and Repair Technology",Training
39710,Ontario,Toronto,"Automotive Service Technician Ford Asset (MAP 32)","https://www.centennialcollege.ca/programs-courses/full-time/automotive-service-technician-ford-asset-map-32/","Centennial College of Applied Arts and Technology","47-Mechanic and Repair Technology",Training
39709,Ontario,Toronto,"Automotive Service Technician General Motors of Canada ASEP (MAP 32)","https://www.centennialcollege.ca/programs-courses/full-time/auto-service-technician-gm-map-32/","Centennial College of Applied Arts and Technology","47-Mechanic and Repair Technology",Training
39711,Ontario,Toronto,"Automotive Service Technician Honda AHAP (MAP 32)","https://www.centennialcollege.ca/programs-courses/full-time/auto-service-technician-honda-map-32/","Centennial College of Applied Arts and Technology","47-Mechanic and Repair Technology",Training
39713,Ontario,Toronto,"Automotive Service Technician Toyota (MAP 32)","https://www.centennialcollege.ca/programs-courses/full-time/automotive-service-technician-toyota-map-32/","Centennial College of Applied Arts and Technology","47-Mechanic and Repair Technology",Training
14867,Alberta,Red Deer,"Automotive Service Technician, Apprenticeship","https://rdc.ab.ca/programs","Red Deer College","47-Mechanic and Repair Technology",Training
13244,British Columbia,Cloverdale,"Automotive Service Technician: Apprenticeship","http://www.kpu.ca/calendar/2018-19/apprentices/automotiveservicetechnician-apprentice.html","Kwantlen Polytechnic University","47-Mechanic and Repair Technology",Training
13221,British Columbia,Cloverdale,"Automotive Service Technician: Certificate (Foundation)","http://www.kpu.ca/calendar/2018-19/trades/automotiveservicetechnician/automotiveservicetechnician-cert.html","Kwantlen Polytechnic University","47-Mechanic and Repair Technology",Training
20607,British Columbia,Burnaby,"Automotive Technician - Harmonized Automotive Technician Apprenticeship","https://www.bcit.ca/study/programs/4860appr","British Columbia Institute of Technology (BCIT)","47-Mechanic and Repair Technology",Training
20608,British Columbia,Burnaby,"Automotive Technician GM (ASEP) - Harmonized Automotive Technician Apprenticeship","https://www.bcit.ca/study/programs/4840appr","British Columbia Institute of Technology (BCIT)","47-Mechanic and Repair Technology",Training
44315,Ontario,Toronto,"Automotive Technology","https://www.scbt.ca/programs/automotive-technology-full-time","Stanford International College of Business & Technology","47-Mechanic and Repair Technology",Training
17845,Newfoundland and Labrador,St. John's,"Certificate in Auto Body and Collision Technician","https://www.cna.nl.ca/program/auto-body-and-collision-technician","College of the North Atlantic","47-Mechanic and Repair Technology",Training
20308,Manitoba,Winnipeg,"Certificate in Auto Mechanics","http://mitt.ca/programs/post-secondary-programs/34/auto-mechanics","Manitoba Institute of Trades and Technology","47-Mechanic and Repair Technology",Training
25254,British Columbia,Victoria,"Certificate in Automotive Service Technician Foundation","http://camosun.ca/learn/programs/automotive-service-technician-foundation/","Camosun College","47-Mechanic and Repair Technology",Training
20609,British Columbia,Burnaby,"Certificate in Automotive Technician Acura/Honda","https://www.bcit.ca/study/programs/1360cert","British Columbia Institute of Technology (BCIT)","47-Mechanic and Repair Technology",Training
30282,Newfoundland and Labrador,Happy Valley-Goose Bay,"Certificate in Heavy Duty Equipment Technician/Truck and Transport Mechanic","https://www.cna.nl.ca/program/heavy-duty-equipment-truck-transport-mechanic","College of the North Atlantic","47-Mechanic and Repair Technology",Training
30282,Newfoundland and Labrador,Placentia,"Certificate in Heavy Duty Equipment Technician/Truck and Transport Mechanic","https://www.cna.nl.ca/program/heavy-duty-equipment-truck-transport-mechanic","College of the North Atlantic","47-Mechanic and Repair Technology",Training
30282,Newfoundland and Labrador,Stephenville,"Certificate in Heavy Duty Equipment Technician/Truck and Transport Mechanic","https://www.cna.nl.ca/program/heavy-duty-equipment-truck-transport-mechanic","College of the North Atlantic","47-Mechanic and Repair Technology",Training
27371,Newfoundland and Labrador,Baie Verte,"Certificate in Industrial  Mechanic (Millwright)","https://www.cna.nl.ca/program/industrial-mechanic-millwright","College of the North Atlantic","47-Mechanic and Repair Technology",Training
27371,Newfoundland and Labrador,Corner Brook,"Certificate in Industrial  Mechanic (Millwright)","https://www.cna.nl.ca/program/industrial-mechanic-millwright","College of the North Atlantic","47-Mechanic and Repair Technology",Training
27371,Newfoundland and Labrador,Happy Valley-Goose Bay,"Certificate in Industrial  Mechanic (Millwright)","https://www.cna.nl.ca/program/industrial-mechanic-millwright","College of the North Atlantic","47-Mechanic and Repair Technology",Training
27371,Newfoundland and Labrador,Labrador City,"Certificate in Industrial  Mechanic (Millwright)","https://www.cna.nl.ca/program/industrial-mechanic-millwright","College of the North Atlantic","47-Mechanic and Repair Technology",Training
27371,Newfoundland and Labrador,Placentia,"Certificate in Industrial  Mechanic (Millwright)","https://www.cna.nl.ca/program/industrial-mechanic-millwright","College of the North Atlantic","47-Mechanic and Repair Technology",Training
20327,Manitoba,Winnipeg,"Certificate in Industrial Mechanic/Millwright","http://mitt.ca/programs/post-secondary/41/industrial-mechanic-millwright","Manitoba Institute of Trades and Technology","47-Mechanic and Repair Technology",Training
20345,Manitoba,Winnipeg,"Certificate in Motosport Technician","http://mitt.ca/programs/post-secondary-programs/44/motosport-technician","Manitoba Institute of Trades and Technology","47-Mechanic and Repair Technology",Training
27741,Newfoundland and Labrador,St. John's,"Certificate in Refrigeration & Air Conditioning Mechanic","https://www.cna.nl.ca/program/refrigeration-and-air-conditioning-mechanic","College of the North Atlantic","47-Mechanic and Repair Technology",Training
12899,British Columbia,Victoria,"Certificate in Refrigeration and Air Conditioning Mechanic Foundation","http://camosun.ca/learn/programs/refrigeration-air-conditioning/","Camosun College","47-Mechanic and Repair Technology",Training
27101,Winnipeg,Science and Technology,"Collision Refinishing","https://catalogue.rrc.ca/Programs/WPG/FullTime/COLRF-CT","Red River College of Applied Arts","47-Mechanic and Repair Technology",Training
47726,Ontario,Cambridge,"Combined Electrician & Network Cabling","https://patinstitute.ca/toronto/training/combined-electrician-network-cabling/","Pre-Apprenticeship Training Institute","47-Mechanic and Repair Technology",Training
47726,Ontario,Toronto,"Combined Electrician & Network Cabling","https://patinstitute.ca/toronto/training/combined-electrician-network-cabling/","Pre-Apprenticeship Training Institute","47-Mechanic and Repair Technology",Training
47728,Ontario,Cambridge,"Combined Refrigeration & Gas Technician","https://patinstitute.ca/toronto/training/combined-refrigeration-gas-technician/","Pre-Apprenticeship Training Institute","47-Mechanic and Repair Technology",Training
47728,Ontario,Toronto,"Combined Refrigeration & Gas Technician","https://patinstitute.ca/toronto/training/combined-refrigeration-gas-technician/","Pre-Apprenticeship Training Institute","47-Mechanic and Repair Technology",Training
13028,British Columbia,Kamloops,"Commercial Transport Vehicle Mechanic - Apprenticeship","https://www.tru.ca/trades/trades-programs/truck-and-transport-mechanic.html","Thompson Rivers University","47-Mechanic and Repair Technology",Training
44355,Ontario,Cambridge,"Domestic Appliance Technician Training","https://patinstitute.ca/training/appliance-service-technician-pre-apprenticeship/","Pre-Apprenticeship Training Institute","47-Mechanic and Repair Technology",Training
44355,Ontario,Toronto,"Domestic Appliance Technician Training","https://patinstitute.ca/training/appliance-service-technician-pre-apprenticeship/","Pre-Apprenticeship Training Institute","47-Mechanic and Repair Technology",Training
31535,Alberta,Calgary,"Electric Motor Systems Technician Apprenticeship","https://www.sait.ca/apprenticeships-and-trades/apprenticeship-and-pre-employment-programs/apprenticeships/electric-motor-systems-technician","Southern Alberta Institute of Technology (SAIT)","47-Mechanic and Repair Technology",Training
18715,Ontario,Stoney Creek,"Electrician (Construction and Maintenance)","http://www.mohawkcollege.ca/calendar/Apprenticeships/electrician.html","Mohawk College of Applied Arts and Technology","47-Mechanic and Repair Technology",Training
14223,Ontario,Whitby,"Elevating Devices Mechanic - Apprenticeship","https://durhamcollege.ca/programs-and-courses/apprenticeships","Durham College of Applied Arts and Technology","47-Mechanic and Repair Technology",Training
39311,Alberta,Calgary,"Ford Automotive Student Service Educational Training Program (ASSET)","https://www.sait.ca/apprenticeships-and-trades/apprenticeship-and-pre-employment-programs/apprenticeships/ford-automotive-student-service-educational-training","Southern Alberta Institute of Technology (SAIT)","47-Mechanic and Repair Technology",Training
30030,British Columbia,Prince George,"Foundation Program in Heavy Mechanical Trades","https://cnc.bc.ca/programs-courses/programs/detail/heavy-mechanical-trades","College of New Caledonia","47-Mechanic and Repair Technology",Training
13402,British Columbia,Prince George,"Foundation Program in Industrial Mechanic","https://cnc.bc.ca/programs-courses/programs/detail/industrial-mechanic","College of New Caledonia","47-Mechanic and Repair Technology",Training
13402,British Columbia,Quesnel,"Foundation Program in Industrial Mechanic","https://cnc.bc.ca/programs-courses/programs/detail/industrial-mechanic","College of New Caledonia","47-Mechanic and Repair Technology",Training
30011,British Columbia,Prince George,"Foundation Program in Motor Vehicle Body Repairer","https://cnc.bc.ca/programs-courses/programs/detail/motor-vehicle-body-repairer","College of New Caledonia","47-Mechanic and Repair Technology",Training
30340,British Columbia,Cranbrook,"Foundation in Electrician","https://cotr.bc.ca/programs/electrician/electrician-foundation/","College of the Rockies","47-Mechanic and Repair Technology",Training
24627,Alberta,Calgary,"GM Automotive Service Educational Program (ASEP)","https://www.sait.ca/apprenticeships-and-trades/apprenticeship-and-pre-employment-programs/apprenticeships/gm-automotive-service-educational-program","Southern Alberta Institute of Technology (SAIT)","47-Mechanic and Repair Technology",Training
47725,Ontario,Cambridge,"Gas Appliance Service Technician","https://patinstitute.ca/cambridge/training/gas-appliance-service-technician/","Pre-Apprenticeship Training Institute","47-Mechanic and Repair Technology",Training
50756,Ontario,Cambridge,"Gas Technician","https://patinstitute.ca/cambridge/training/gas-technician/","Pre-Apprenticeship Training Institute","47-Mechanic and Repair Technology",Training
14240,Ontario,Whitby,"Gas Technician – evenings and weekends 2 and 3","https://durhamcollege.ca/academic-schools/school-of-skilled-trades-apprenticeship-renewable-technology/evening-gas-technician-2-and-3","Durham College of Applied Arts and Technology","47-Mechanic and Repair Technology",Training
18608,Ontario,Stoney Creek,"Gas and Oil Burner Technician 2","https://www.mohawkcollege.ca/programs/skilled-trades/gas-and-oil-burner-technician-2-049","Mohawk College of Applied Arts and Technology","47-Mechanic and Repair Technology",Training
25028,Ontario,Guelph,"General Machinist (Apprenticeship)","http://www.conestogac.on.ca/fulltime/general-machinist-apprenticeship","Conestoga College Institute of Technology and Advanced Learning","47-Mechanic and Repair Technology",Training
25028,Ontario,Kitchener,"General Machinist (Apprenticeship)","http://www.conestogac.on.ca/fulltime/general-machinist-apprenticeship","Conestoga College Institute of Technology and Advanced Learning","47-Mechanic and Repair Technology",Training
46395,Ontario,Mississauga,"HVAC Technician","https://www.scbt.ca/programs/hvac-technician-diploma-program-full-time","Stanford International College of Business & Technology","47-Mechanic and Repair Technology",Training
46395,Ontario,Scarborough,"HVAC Technician","https://www.scbt.ca/programs/hvac-technician-diploma-program-full-time","Stanford International College of Business & Technology","47-Mechanic and Repair Technology",Training
46395,Ontario,Toronto,"HVAC Technician","https://www.scbt.ca/programs/hvac-technician-diploma-program-full-time","Stanford International College of Business & Technology","47-Mechanic and Repair Technology",Training
20498,British Columbia,Burnaby,"Heat and Frost Insulator Apprenticeship","https://www.bcit.ca/study/programs/3800appr","British Columbia Institute of Technology (BCIT)","47-Mechanic and Repair Technology",Training
36372,Ontario,Brampton,"Heating, Ventilation, Air Conditioning  (HVAC) Technician Training","https://www.northamericantradeschools.ca/programs/hvactechnician","North American Trade Schools","47-Mechanic and Repair Technology",Training
36372,Ontario,London,"Heating, Ventilation, Air Conditioning  (HVAC) Technician Training","https://www.northamericantradeschools.ca/programs/hvactechnician","North American Trade Schools","47-Mechanic and Repair Technology",Training
18961,Ontario,Sault Ste. Marie,"Heavy Duty Equipment Mechanic - Apprenticeship Program","http://www.saultcollege.ca/Programs/Programs.asp?progcode=6085&cat=overview&groupcode=APP","Sault College of Applied Arts and Technology","47-Mechanic and Repair Technology",Training
36625,Newfoundland and Labrador,Lewisporte,"Heavy Duty Equipment Technician","http://www.dietrac.com/programs-and-courses/heavy-duty-equipment-technician.html#a","DieTrac Technical Institute","47-Mechanic and Repair Technology",Training
25778,Manitoba,Brandon,"Heavy Duty Equipment Technician  Apprenticeship","https://assiniboine.net/programs/heavy-duty-equipment-technician","Assiniboine Community College","47-Mechanic and Repair Technology",Training
26729,Saskatchewan,Saskatoon,"Heavy Duty Equipment Technician (Apprenticeship)","https://saskpolytech.ca/programs-and-courses/browse-programs/apprenticeship/","Saskatchewan Polytechnic","47-Mechanic and Repair Technology",Training
40017,Ontario,Guelph,"Heavy Duty Equipment Technician (Apprenticeship)","http://www.conestogac.on.ca/fulltime/heavy-duty-equipment-technician-apprenticeship","Conestoga College Institute of Technology and Advanced Learning","47-Mechanic and Repair Technology",Training
29113,British Columbia,Kamloops,"Heavy Duty Equipment Technician - Apprenticeship","https://www.tru.ca/trades/trades-programs/heavy-duty-equipment-technician.html","Thompson Rivers University","47-Mechanic and Repair Technology",Training
39473,Ontario,Thunder Bay,"Heavy Duty Equipment Technician Apprenticeship","http://www.confederationcollege.ca/program/heavy-duty-equipment-technician-apprenticeship","Confederation College of Applied Arts and Technology","47-Mechanic and Repair Technology",Training
16903,British Columbia,Fort St. John,"Heavy Duty Equipment Technician Apprenticeship, Levels 1, 2, 3, 4","http://www.nlc.bc.ca/Programs/All-Programs-Alphabetical/Heavy-Duty-Equipment-Technician-Apprenticeship","Northern Lights College","47-Mechanic and Repair Technology",Training
14577,Alberta,Vermilion,"Heavy Equipment Technician","http://lakelandcollege.ca/academics/trades-technology-apprenticeship/programs/heavy-equipment-technician/overview/","Lakeland College","47-Mechanic and Repair Technology",Training
33406,Alberta,Edmonton,"Heavy Equipment Technician","http://www.nait.ca/program_home_80876.htm","Northern Alberta Institute of Technology (NAIT)","47-Mechanic and Repair Technology",Training
29987,Yukon,Whitehorse,"Heavy Equipment Technician - Pre-Apprenticeship certificate","https://www.yukonu.ca/programs/heavy-equipment-technician-pre-apprenticeship","Yukon University","47-Mechanic and Repair Technology",Training
31539,Alberta,Calgary,"Heavy Equipment Technician Apprenticeship","https://www.sait.ca/apprenticeships-and-trades/apprenticeship-and-pre-employment-programs/apprenticeships/heavy-equipment-technician","Southern Alberta Institute of Technology (SAIT)","47-Mechanic and Repair Technology",Training
14788,Alberta,Olds,"Heavy Equipment Technician Apprenticeship","https://www.oldscollege.ca/programs/trades-apprenticeship/heavy-equipment-technician-apprenticeship/index.html","Olds College","47-Mechanic and Repair Technology",Training
29978,Yukon,Whitehorse,"Heavy Equipment Technician Diploma","https://www.yukonu.ca/programs/heavy-equipment-technician-pre-apprenticeship","Yukon University","47-Mechanic and Repair Technology",Training
14840,Alberta,Red Deer,"Heavy Equipment Technician, Apprenticeship","http://www.rdc.ab.ca/","Red Deer College","47-Mechanic and Repair Technology",Training
15373,Ontario,Haileybury,"Heavy Equipment Techniques Level 1 Apprenticeship","http://www.northernc.on.ca/heavy-equipment-techniques/","Northern College of Applied Arts and Technology","47-Mechanic and Repair Technology",Training
15373,Ontario,Kirkland Lake,"Heavy Equipment Techniques Level 1 Apprenticeship","http://www.northernc.on.ca/heavy-equipment-techniques/","Northern College of Applied Arts and Technology","47-Mechanic and Repair Technology",Training
15373,Ontario,Moosonee,"Heavy Equipment Techniques Level 1 Apprenticeship","http://www.northernc.on.ca/heavy-equipment-techniques/","Northern College of Applied Arts and Technology","47-Mechanic and Repair Technology",Training
15373,Ontario,South Porcupine,"Heavy Equipment Techniques Level 1 Apprenticeship","http://www.northernc.on.ca/heavy-equipment-techniques/","Northern College of Applied Arts and Technology","47-Mechanic and Repair Technology",Training
40869,Saskatchewan,Estevan,"Heavy Equipment and Truck and Transport Technician","https://www.southeastcollege.org/courses/heavy-equipment-and-truck-and-transport-technician/","Southeast Regional College","47-Mechanic and Repair Technology",Training
13049,British Columbia,Kamloops,"Heavy Mechanical - Foundation","http://www.tru.ca/programs/catalogue/heavy-duty-equipment-technician-foundation.html","Thompson Rivers University","47-Mechanic and Repair Technology",Training
13049,British Columbia,Williams Lake,"Heavy Mechanical - Foundation","http://www.tru.ca/programs/catalogue/heavy-duty-equipment-technician-foundation.html","Thompson Rivers University","47-Mechanic and Repair Technology",Training
20613,British Columbia,Delta,"Heavy Mechanical Trades Apprenticeship","https://www.bcit.ca/study/programs/4610appr#overview","British Columbia Institute of Technology (BCIT)","47-Mechanic and Repair Technology",Training
13341,British Columbia,Nanaimo,"Heavy Mechanical Trades Foundation Apprenticeship - Certificate","https://calendar.viu.ca/trades/heavy-mechanical-trades-foundation","Vancouver Island University","47-Mechanic and Repair Technology",Training
15541,British Columbia,Dawson Creek,"Heavy Mechanical Trades Foundation/Level 1 (Dawson Creek)","http://www.nlc.bc.ca/Programs/All-Programs-Alphabetical/Heavy-Duty-Comm-Transport-Tech-Foundation-DC","Northern Lights College","47-Mechanic and Repair Technology",Training
30106,British Columbia,Fort St. John,"Heavy Mechanical Trades Foundation/Level 1 (Fort St. John)","http://www.nlc.bc.ca/Programs/All-Programs-Alphabetical/Heavy-Duty-Comm-Transport-Tech-Foundation-FSJ","Northern Lights College","47-Mechanic and Repair Technology",Training
18717,Ontario,Stoney Creek,"Industrial Electrician","https://www.mohawkcollege.ca/programs/skilled-trades/industrial-electrician-442a","Mohawk College of Applied Arts and Technology","47-Mechanic and Repair Technology",Training
32526,Ontario,Sault Ste. Marie,"Industrial Electrician - Apprenticeship Program","http://www.saultcollege.ca/Programs/Programs.asp?progcode=6540&cat=overview&groupcode=APP","Sault College of Applied Arts and Technology","47-Mechanic and Repair Technology",Training
12792,British Columbia,Burnaby,"Industrial Instrumentation Apprenticeship","https://www.bcit.ca/study/programs/3760appr","British Columbia Institute of Technology (BCIT)","47-Mechanic and Repair Technology",Training
18718,Ontario,Stoney Creek,"Industrial Mechanic (Millwright)","https://www.mohawkcollege.ca/programs/skilled-trades/industrial-mechanic-millwright-433a","Mohawk College of Applied Arts and Technology","47-Mechanic and Repair Technology",Training
31398,Alberta,Edmonton,"Industrial Mechanic (Millwright)","http://www.nait.ca/program_home_81136.htm","Northern Alberta Institute of Technology (NAIT)","47-Mechanic and Repair Technology",Training
19672,Saskatchewan,Esterhazy,"Industrial Mechanic (Millwright)","http://www.parklandcollege.sk.ca/programs/tradesapprenticeship/industrialmechanic.html","Parkland College","47-Mechanic and Repair Technology",Training
26539,Alberta,Fort McMurray,"Industrial Mechanic (Millwright) - Apprenticeship","https://www.keyano.ca/en/programs-and-courses/industrial-mechanic-millwright-apprenticeship.aspx","Keyano College","47-Mechanic and Repair Technology",Training
24737,Alberta,Calgary,"Industrial Mechanic (Millwright) Apprenticeship","https://www.sait.ca/apprenticeships-and-trades/apprenticeship-and-pre-employment-programs/apprenticeships/industrial-mechanic-millwright","Southern Alberta Institute of Technology (SAIT)","47-Mechanic and Repair Technology",Training
20198,Alberta,Red Deer,"Industrial Mechanic (Millwright), Apprenticeship","http://www.rdc.ab.ca/","Red Deer College","47-Mechanic and Repair Technology",Training
39474,Ontario,Thunder Bay,"Industrial Mechanic Millwright Apprenticeship","http://www.confederationcollege.ca/program/industrial-mechanic-millwright-apprenticeship","Confederation College of Applied Arts and Technology","47-Mechanic and Repair Technology",Training
14191,Ontario,Whitby,"Industrial Mechanic Millwright – Apprenticeship","https://durhamcollege.ca/programs-and-courses/apprenticeships","Durham College of Applied Arts and Technology","47-Mechanic and Repair Technology",Training
44644,Saskatchewan,Estevan,"Industrial Mechanic – Millwright","https://www.southeastcollege.org/courses/industrial-mechanic/","Southeast Regional College","47-Mechanic and Repair Technology",Training
13273,British Columbia,Cloverdale,"Industrial Mechanic/Millwright (Levels 1 to 4): Apprenticeship","http://www.kpu.ca/calendar/2018-19/apprentices/millwrightindustrialmechanic-apprentice.html","Kwantlen Polytechnic University","47-Mechanic and Repair Technology",Training
39529,Saskatchewan,Nipawin,"Industrial Mechanics","https://www.cumberlandcollege.sk.ca/index.php?id=40","Cumberland Regional College","47-Mechanic and Repair Technology",Training
39891,Ontario,Kitchener,"Instrumentation and Control Technician (Apprenticeship)","http://www.conestogac.on.ca/fulltime/instrumentation-control-technician-apprenticeship","Conestoga College Institute of Technology and Advanced Learning","47-Mechanic and Repair Technology",Training
27050,Southport,Science and Technology,"Introduction to Aircraft Maintenance Engineer","https://catalogue.rrc.ca/Programs/WPG/Fulltime/INTAF-CT","Red River College of Applied Arts","47-Mechanic and Repair Technology",Training
27050,Winnipeg,Science and Technology,"Introduction to Aircraft Maintenance Engineer","https://catalogue.rrc.ca/Programs/WPG/Fulltime/INTAF-CT","Red River College of Applied Arts","47-Mechanic and Repair Technology",Training
31218,Southport,Science and Technology,"Introduction to Aircraft Maintenance Engineer","https://me.rrc.mb.ca/Catalogue/ProgramInfo.aspx?ProgCode=INTAF-CT&RegionCode=WPG","Red River College of Applied Arts","47-Mechanic and Repair Technology",Training
31218,Winnipeg,Science and Technology,"Introduction to Aircraft Maintenance Engineer","https://me.rrc.mb.ca/Catalogue/ProgramInfo.aspx?ProgCode=INTAF-CT&RegionCode=WPG","Red River College of Applied Arts","47-Mechanic and Repair Technology",Training
49575,British Columbia,Prince George,"Light Warehouse Training","https://vocationaltrainingcentre.com/programs-offered-2/light-warehouse-training/","Canadian Vocational Training Centre","47-Mechanic and Repair Technology",Training
14834,Alberta,Red Deer,"Locksmith, Apprenticeship","https://www.rdc.ab.ca/programs","Red Deer College","47-Mechanic and Repair Technology",Training
33120,Ontario,Kitchener,"Machine Tool Builder and Integrator (Apprenticeship)","https://www.conestogac.on.ca/fulltime/machine-tool-builder-and-integrator-apprenticeship","Conestoga College Institute of Technology and Advanced Learning","47-Mechanic and Repair Technology",Training
20567,British Columbia,Burnaby,"Machinist Apprenticeship","https://www.bcit.ca/study/programs/3900appr","British Columbia Institute of Technology (BCIT)","47-Mechanic and Repair Technology",Training
38968,British Columbia,Burnaby,"Marine Mechanical Technician Apprenticeship","https://www.bcit.ca/study/programs/4630appr","British Columbia Institute of Technology (BCIT)","47-Mechanic and Repair Technology",Training
25944,Ontario,North Bay,"Marine and Small Engine Technician Apprenticeship (Level – Certificate)","https://www.canadorecollege.ca/programs/marine-and-small-engine-technician-apprenticeship","Canadore College","47-Mechanic and Repair Technology",Training
39237,Alberta,Calgary,"Materials Technician Apprenticeship","https://www.sait.ca/apprenticeships-and-trades/apprenticeship-and-pre-employment-programs/apprenticeships/materials-technician","Southern Alberta Institute of Technology (SAIT)","47-Mechanic and Repair Technology",Training
29989,Yukon,Whitehorse,"Millwright  - Pre-Apprenticeship certificate","https://www.yukonu.ca/programs/millwright","Yukon University","47-Mechanic and Repair Technology",Training
30115,British Columbia,Dawson Creek,"Millwright (Industrial Mechanic) - Apprenticeship, Levels 1 to 4","http://www.nlc.bc.ca/Programs/All-Programs-Alphabetical/Millwright-Apprenticeship","Northern Lights College","47-Mechanic and Repair Technology",Training
47799,British Columbia,Cloverdale,"Millwright/Industrial Mechanic: Citation (Foundation)","http://www.kpu.ca/calendar/2018-19/trades/millwright/millwrightindustrialmechanic-cit.html","Kwantlen Polytechnic University","47-Mechanic and Repair Technology",Training
34889,Ontario,North Bay,"Motive Power Dual Credit (Semester – Two high school credits and two college courses)","https://www.canadorecollege.ca/programs/motive-power-dual-credit","Canadore College","47-Mechanic and Repair Technology",Training
19254,Saskatchewan,Moose Jaw,"Motor Vehicle Body Repairer - Metal and Paint (Apprenticeship)","http://www.siast.sk.ca/siast/educationtraining/apprenticeship/index.htm","Saskatchewan Polytechnic","47-Mechanic and Repair Technology",Training
24725,Alberta,Calgary,"Motorcycle Mechanic Apprenticeship","https://www.sait.ca/apprenticeships-and-trades/apprenticeship-and-pre-employment-programs/apprenticeships/motorcycle-mechanic","Southern Alberta Institute of Technology (SAIT)","47-Mechanic and Repair Technology",Training
30536,Ontario,Toronto,"Motorcycle Technician","https://www.centennialcollege.ca/programs-courses/full-time/motorcycle-technician/","Centennial College of Applied Arts and Technology","47-Mechanic and Repair Technology",Training
39896,Ontario,Guelph,"Motorcycle Technician (Apprenticeship)","http://www.conestogac.on.ca/fulltime/motorcycle-technician-apprenticeship","Conestoga College Institute of Technology and Advanced Learning","47-Mechanic and Repair Technology",Training
13874,Ontario,North Bay,"Motorcycle Technician Apprenticeship ( 2 Levels. Each level is 40 weeks)","https://www.canadorecollege.ca/programs/motorcycle-technician-apprenticeship","Canadore College","47-Mechanic and Repair Technology",Training
41351,British Columbia,Nanaimo,"Motorcycle and Marine Technician Apprenticeship Certificate","https://www2.viu.ca/calendar/TradesAppliedTech/marinetech.asp","Vancouver Island University","47-Mechanic and Repair Technology",Training
38969,British Columbia,Burnaby,"Motorcycle and Power Equipment Mechanic Apprenticeship","https://www.bcit.ca/study/programs/4020appr","British Columbia Institute of Technology (BCIT)","47-Mechanic and Repair Technology",Training
13737,Yukon,Whitehorse,"Oil Burner Mechanic - Pre-Apprenticeship certificate","https://www.yukonu.ca/programs/oil-burner-mechanic-apprenticeship","Yukon University","47-Mechanic and Repair Technology",Training
31439,Alberta,Edmonton,"Outdoor Power Equipment Technician","http://www.nait.ca/program_home_81156.htm","Northern Alberta Institute of Technology (NAIT)","47-Mechanic and Repair Technology",Training
40336,Alberta,Vermilion,"Parts Technician","http://lakelandcollege.ca/academics/trades-technology-apprenticeship/programs/parts-technician/overview/","Lakeland College","47-Mechanic and Repair Technology",Training
19110,Alberta,Edmonton,"Parts Technician","http://www.nait.ca/program_home_81176.htm","Northern Alberta Institute of Technology (NAIT)","47-Mechanic and Repair Technology",Training
31544,Alberta,Calgary,"Parts Technician Apprenticeship","https://www.sait.ca/apprenticeships-and-trades/apprenticeship-and-pre-employment-programs/apprenticeships/parts-technician","Southern Alberta Institute of Technology (SAIT)","47-Mechanic and Repair Technology",Training
33896,Alberta,Red Deer,"Parts Technician, Apprenticeship","https://www.rdc.ab.ca/programs","Red Deer College","47-Mechanic and Repair Technology",Training
19626,Saskatchewan,Saskatoon,"Partsperson (Online, Apprenticeship)","http://www.siast.sk.ca/siast/educationtraining/apprenticeship/index.htm","Saskatchewan Polytechnic","47-Mechanic and Repair Technology",Training
21409,Northwest Territories,Inuvik,"Pre-Apprenticeship Heavy Equipment Technician","http://www.auroracollege.nt.ca/_live/pages/wpPages/ProgramInfoDisplay.aspx?id=121&tp=PRG","Aurora College","47-Mechanic and Repair Technology",Training
52475,Alberta,Fort McMurray,"Pre-Employment - Heavy Equipment Technician","https://www.keyano.ca/en/programs-and-courses/heavy-equipment-technician-pre-employment.aspx","Keyano College","47-Mechanic and Repair Technology",Training
19084,Alberta,Edmonton,"Pre-Employment Auto Body Repair","http://www.nait.ca/program_home_76119.htm","Northern Alberta Institute of Technology (NAIT)","47-Mechanic and Repair Technology",Training
31436,Alberta,Edmonton,"Pre-Employment Automotive Service Technician","http://www.nait.ca/program_home_76203.htm","Northern Alberta Institute of Technology (NAIT)","47-Mechanic and Repair Technology",Training
31442,Alberta,Olds,"Pre-Employment Heavy Equipment Technician","https://www.oldscollege.ca/programs/trades-apprenticeship/pre-employment-heavy-equipment-technician/index.html","Olds College","47-Mechanic and Repair Technology",Training
37689,Alberta,Olds,"Pre-Employment Motorcycle Mechanic","https://www.oldscollege.ca/programs/trades-apprenticeship/motorcycle-mechanic/index.html","Olds College","47-Mechanic and Repair Technology",Training
31528,Alberta,Calgary,"Pre-employment Automotive Service Technician","https://www.sait.ca/apprenticeships-and-trades/apprenticeship-and-pre-employment-programs/pre-employment-certificates/pre-employment-automotive-service-technician","Southern Alberta Institute of Technology (SAIT)","47-Mechanic and Repair Technology",Training
45827,Alberta,Calgary,"Pre-employment Industrial Mechanic (Millwright)","https://www.sait.ca/apprenticeships-and-trades/apprenticeship-and-pre-employment-programs/pre-employment-certificates/pre-employment-industrial-mechanic-(millwright)","Southern Alberta Institute of Technology (SAIT)","47-Mechanic and Repair Technology",Training
24822,Alberta,Calgary,"Pre-employment Refrigeration and Air Conditioning","https://www.sait.ca/apprenticeships-and-trades/apprenticeship-and-pre-employment-programs/pre-employment-certificates/pre-employment-refrigeration-and-air-conditioning","Southern Alberta Institute of Technology (SAIT)","47-Mechanic and Repair Technology",Training
26678,Saskatchewan,Saskatoon,"Process Operation Technician","siit.ca/programs/process-operation-technician/","Saskatchewan Indian Institute of Technologies","47-Mechanic and Repair Technology",Training
31547,Alberta,Calgary,"Recreation Vehicle Service Technician Apprenticeship","https://www.sait.ca/apprenticeships-and-trades/apprenticeship-and-pre-employment-programs/apprenticeships/recreation-vehicle-service-technician","Southern Alberta Institute of Technology (SAIT)","47-Mechanic and Repair Technology",Training
38058,Quebec,Montreal,"Refinishng Prep Technician","http://www.cati.ca/careers/refinishing-prep-technician/","Canadian Automotive and Trucking Institute","47-Mechanic and Repair Technology",Training
38058,British Columbia,Surrey,"Refinishng Prep Technician","http://www.cati.ca/careers/refinishing-prep-technician/","Canadian Automotive and Trucking Institute","47-Mechanic and Repair Technology",Training
38058,Ontario,Toronto,"Refinishng Prep Technician","http://www.cati.ca/careers/refinishing-prep-technician/","Canadian Automotive and Trucking Institute","47-Mechanic and Repair Technology",Training
13951,Ontario,Toronto,"Refrigeration & Air Conditioning Systems Mechanic","https://www.centennialcollege.ca/programs-courses/full-time/refrigeration-air-conditioning-systems-mechanic/","Centennial College of Applied Arts and Technology","47-Mechanic and Repair Technology",Training
13340,British Columbia,Duncan,"Refrigeration Air-Conditioning Mechanic Apprenticeship Certificate","https://calendar.viu.ca/trades/refrigeration-air-conditioning-mechanic","Vancouver Island University","47-Mechanic and Repair Technology",Training
38964,British Columbia,Burnaby,"Refrigeration Apprenticeship","https://www.bcit.ca/study/programs/4200appr","British Columbia Institute of Technology (BCIT)","47-Mechanic and Repair Technology",Training
40038,Alberta,Edmonton,"Refrigeration and Air Conditioning Mechanic","http://www.nait.ca/program_home_81237.htm","Northern Alberta Institute of Technology (NAIT)","47-Mechanic and Repair Technology",Training
19630,Saskatchewan,Saskatoon,"Refrigeration and Air Conditioning Mechanic (Apprenticeship)","http://www.siast.sk.ca/siast/educationtraining/apprenticeship/index.htm","Saskatchewan Polytechnic","47-Mechanic and Repair Technology",Training
31548,Alberta,Calgary,"Refrigeration and Air Conditioning Mechanic Apprenticeship","https://www.sait.ca/apprenticeships-and-trades/apprenticeship-and-pre-employment-programs/apprenticeships/refrigeration-and-air-conditioning-mechanic","Southern Alberta Institute of Technology (SAIT)","47-Mechanic and Repair Technology",Training
44352,Ontario,Cambridge,"Refrigeration and Air Conditioning Mechanics - Pre-Apprenticeship","https://patinstitute.ca/training/heating-and-ventilation-and-advanced-gas-technician/","Pre-Apprenticeship Training Institute","47-Mechanic and Repair Technology",Training
44352,Ontario,Toronto,"Refrigeration and Air Conditioning Mechanics - Pre-Apprenticeship","https://patinstitute.ca/training/heating-and-ventilation-and-advanced-gas-technician/","Pre-Apprenticeship Training Institute","47-Mechanic and Repair Technology",Training
32213,Ontario,Stoney Creek,"Refrigeration and Air Conditioning Systems Mechanic","http://www.mohawkcollege.ca/calendar/apprenticeships/refrigACMech.html","Mohawk College of Applied Arts and Technology","47-Mechanic and Repair Technology",Training
40019,Ontario,Waterloo,"Refrigeration and Air Conditioning Systems Mechanic (Apprenticeship)","http://www.conestogac.on.ca/fulltime/refrigeration-and-air-conditioning-systems-mechanic-apprenticeship","Conestoga College Institute of Technology and Advanced Learning","47-Mechanic and Repair Technology",Training
52264,Ontario,Stoney Creek,"Residential Air Conditioning Systems Mechanic","https://www.mohawkcollege.ca/programs/skilled-trades/residential-air-conditioning-systems-mechanic-313d","Mohawk College of Applied Arts and Technology","47-Mechanic and Repair Technology",Training
19118,Alberta,Edmonton,"Rig Technician","http://www.nait.ca/program_home_81322.htm","Northern Alberta Institute of Technology (NAIT)","47-Mechanic and Repair Technology",Training
33897,Alberta,Red Deer,"Rig Technician, Apprenticeship","https://www.rdc.ab.ca/programs","Red Deer College","47-Mechanic and Repair Technology",Training
25941,Ontario,North Bay,"Small Engine Dual Credit (8 weeks – Two high school credits and Level 1 Small Engine Technician)","https://www.canadorecollege.ca/programs/plumbing-techniques-dual-credit","Canadore College","47-Mechanic and Repair Technology",Training
37562,Ontario,Sarnia,"Steamfitter Apprenticeship","https://www.lambtoncollege.ca/custom/LambtonApps/Programs/Full-Time.aspx?id=2147504036","Lambton College of Applied Arts and Technology","47-Mechanic and Repair Technology",Training
18966,Ontario,Sault Ste. Marie,"Steamfitting - Apprenticeship Program","http://www.saultcollege.ca/Programs/Programs.asp?progcode=6230&cat=overview&groupcode=APP","Sault College of Applied Arts and Technology","47-Mechanic and Repair Technology",Training
31554,Alberta,Calgary,"Transport Refrigeration Technician Apprenticeship","https://www.sait.ca/programs-and-courses/apprenticeships-and-trades/apprenticeship-programs/apprenticeship-transport-refrigeration-technician-apprentice","Southern Alberta Institute of Technology (SAIT)","47-Mechanic and Repair Technology",Training
36494,Newfoundland and Labrador,Badger,"Truck & Transport Mechanic","http://www.centraltraining.ca/PR-TTmech.html","Central Training Academy","47-Mechanic and Repair Technology",Training
18724,Ontario,Stoney Creek,"Truck and Coach Technician","https://www.mohawkcollege.ca/programs/skilled-trades/truck-and-coach-technician-310t","Mohawk College of Applied Arts and Technology","47-Mechanic and Repair Technology",Training
33122,Ontario,Guelph,"Truck and Coach Technician (Apprenticeship)","http://www.conestogac.on.ca/fulltime/truck-and-coach-technician-apprenticeship","Conestoga College Institute of Technology and Advanced Learning","47-Mechanic and Repair Technology",Training
18969,Ontario,Sault Ste. Marie,"Truck and Coach Technician - Apprenticeship Program","http://www.saultcollege.ca/Programs/Programs.asp?progcode=6081&cat=overview&groupcode=APP","Sault College of Applied Arts and Technology","47-Mechanic and Repair Technology",Training
19924,Ontario,Toronto,"Truck and Coach Technician - MACK/VOLVO MAP 32","https://www.centennialcollege.ca/programs-courses/full-time/truck-and-coach-technician-mackvolvo-map-32/","Centennial College of Applied Arts and Technology","47-Mechanic and Repair Technology",Training
30310,Ontario,Toronto,"Truck and Coach Technician ATS MAP 32","https://www.centennialcollege.ca/programs-courses/full-time/truck-and-coach-technician-ats-map-32/","Centennial College of Applied Arts and Technology","47-Mechanic and Repair Technology",Training
39478,Ontario,Thunder Bay,"Truck and Coach Technician Apprenticeship","http://www.confederationcollege.ca/program/truck-and-coach-technician-apprenticeship","Confederation College of Applied Arts and Technology","47-Mechanic and Repair Technology",Training
25945,Ontario,North Bay,"Truck and Coach Technician Apprenticeship (Level – Certificate)","https://www.canadorecollege.ca/programs/truck-and-coach-technician-apprenticeship","Canadore College","47-Mechanic and Repair Technology",Training
34885,Ontario,North Bay,"Truck and Coach Technician Apprenticeship Dual Credit (1 year – Two high school credits and Level 1 Truck and Coach Technician)","https://www.canadorecollege.ca/programs/truck-and-coach-technician-dual-credit","Canadore College","47-Mechanic and Repair Technology",Training
19453,Saskatchewan,Saskatoon,"Truck and Transport Mechanic (Apprenticeship)","http://www.siast.sk.ca/siast/educationtraining/apprenticeship/index.htm","Saskatchewan Polytechnic","47-Mechanic and Repair Technology",Training
