473,Ontario,Toronto,"Applied Mathematics","http://www.future.utoronto.ca/undergraduate-programs/applied-mathematics","University of Toronto","27-Mathematics and Statistics",University
41356,Saskatchewan,Saskatoon,"Applied Mathematics","https://admissions.usask.ca/applied-mathematics.php","University of Saskatchewan","27-Mathematics and Statistics",University
21262,British Columbia,Burnaby,"Applied Mathematics Major (Bachelor of Science)","http://www.sfu.ca/math.html","Simon Fraser University","27-Mathematics and Statistics",University
684,Ontario,Mississauga,"Applied Statistics","http://www.future.utoronto.ca/undergraduate-programs/applied-statistics","University of Toronto","27-Mathematics and Statistics",University
684,Ontario,Toronto,"Applied Statistics","http://www.future.utoronto.ca/undergraduate-programs/applied-statistics","University of Toronto","27-Mathematics and Statistics",University
4563,Ontario,Waterloo,"Bachelor of Applied Mathematics in Joint Applied Mathematics","http://ugradcalendar.uwaterloo.ca/page/MATH-AM-Degree-Requirements-Joint-Applied-Math","University of Waterloo","27-Mathematics and Statistics",University
43564,Nova Scotia,Sydney,"Bachelor of Arts - Major in Mathematics","https://www.cbu.ca/academic-programs/program/mathematics/","Cape Breton University","27-Mathematics and Statistics",University
43565,Nova Scotia,Sydney,"Bachelor of Arts - Minor in Mathematics","https://www.cbu.ca/academic-programs/program/mathematics/","Cape Breton University","27-Mathematics and Statistics",University
43558,Nova Scotia,Sydney,"Bachelor of Arts Community Studies  - Minor in Mathematics","https://www.cbu.ca/academics/programs/mathematics/","Cape Breton University","27-Mathematics and Statistics",University
43563,Nova Scotia,Sydney,"Bachelor of Arts Community Studies - Major in Mathematics","https://www.cbu.ca/academics/programs/mathematics/","Cape Breton University","27-Mathematics and Statistics",University
47747,British Columbia,Richmond,"Bachelor of Arts Minor in Mathematics","https://www.kpu.ca/calendar/2018-19/science-hort/mathematics/mathematics-minor.html","Kwantlen Polytechnic University","27-Mathematics and Statistics",University
47747,British Columbia,Surrey,"Bachelor of Arts Minor in Mathematics","https://www.kpu.ca/calendar/2018-19/science-hort/mathematics/mathematics-minor.html","Kwantlen Polytechnic University","27-Mathematics and Statistics",University
8291,Ontario,Toronto,"Bachelor of Arts in Actuarial Science","http://futurestudents.yorku.ca/program/actuarial-science","York University","27-Mathematics and Statistics",University
2649,Nova Scotia,Halifax,"Bachelor of Arts in Applied Statistics (Concentration or Minor)","http://www.msvu.ca/en/home/programsdepartments/bachelorofscience/appliedstatistics/default.aspx","Mount Saint Vincent University","27-Mathematics and Statistics",University
10451,Nova Scotia,Antigonish,"Bachelor of Arts in Math & Statistics","https://www.stfx.ca/academics/science/math-and-statistics","St. Francis Xavier University","27-Mathematics and Statistics",University
6553,Ontario,Guelph,"Bachelor of Arts in Mathematical Science","https://admission.uoguelph.ca/ba/msci","University of Guelph","27-Mathematics and Statistics",University
21597,Alberta,Edmonton,"Bachelor of Arts in Mathematics","https://apps.admissions.ualberta.ca/programs/ar/ar510/matar1","University of Alberta","27-Mathematics and Statistics",University
2562,New Brunswick,Sackville,"Bachelor of Arts in Mathematics","https://www.mta.ca/programs/math/","Mount Allison University","27-Mathematics and Statistics",University
2634,Nova Scotia,Halifax,"Bachelor of Arts in Mathematics","http://www.msvu.ca/en/home/programsdepartments/bachelorofscience/mathematics/default.aspx","Mount Saint Vincent University","27-Mathematics and Statistics",University
2798,New Brunswick,Saint John,"Bachelor of Arts in Mathematics","https://www.unb.ca/academics/programs/arts/mathematics.html","University of New Brunswick","27-Mathematics and Statistics",University
4710,Manitoba,Winnipeg,"Bachelor of Arts in Mathematics","http://www.uwinnipeg.ca/index/math-stats-index","University of Winnipeg","27-Mathematics and Statistics",University
20715,British Columbia,Vancouver,"Bachelor of Arts in Mathematics","https://you.ubc.ca/ubc_programs/mathematics-vancouver-ba/","University of British Columbia","27-Mathematics and Statistics",University
6072,British Columbia,Kamloops,"Bachelor of Arts in Mathematics","http://www.tru.ca/science/programs/math/programs.html","Thompson Rivers University","27-Mathematics and Statistics",University
7363,New Brunswick,Fredericton,"Bachelor of Arts in Mathematics","https://www.stu.ca/mathematics/","St. Thomas University","27-Mathematics and Statistics",University
8231,Ontario,Toronto,"Bachelor of Arts in Mathematics","http://futurestudents.yorku.ca/program/mathematics","York University","27-Mathematics and Statistics",University
50575,Ontario,North Bay,"Bachelor of Arts in Mathematics  (Honours Specialization)","http://academiccalendar.nipissingu.ca/~/Catalog/ViewCatalog.aspx?pageid=viewcatalog&catalogid=5&topicgroupid=2111","Nipissing University","27-Mathematics and Statistics",University
50574,Ontario,North Bay,"Bachelor of Arts in Mathematics  (Major)","http://academiccalendar.nipissingu.ca/~/Catalog/ViewCatalog.aspx?pageid=viewcatalog&catalogid=5&topicgroupid=2113","Nipissing University","27-Mathematics and Statistics",University
50576,Ontario,North Bay,"Bachelor of Arts in Mathematics (Specialization)","http://academiccalendar.nipissingu.ca/~/Catalog/ViewCatalog.aspx?pageid=viewcatalog&catalogid=5&topicgroupid=2112","Nipissing University","27-Mathematics and Statistics",University
8495,Ontario,Toronto,"Bachelor of Arts in Mathematics - Glendon","http://futurestudents.yorku.ca/program/mathematics/glendon","York University","27-Mathematics and Statistics",University
37194,British Columbia,Nanaimo,"Bachelor of Arts in Mathematics - Major, Minor","https://calendar.viu.ca/arts-humanities-social-sciences/mathematics","Vancouver Island University","27-Mathematics and Statistics",University
5300,British Columbia,Kelowna,"Bachelor of Arts in Mathematics - Okanagan","http://you.ubc.ca/ubc_programs/mathematics-okanagan-ba/","University of British Columbia","27-Mathematics and Statistics",University
30379,British Columbia,Vancouver,"Bachelor of Arts in Mathematics and Economics","https://you.ubc.ca/ubc_programs/mathematics-economics/","University of British Columbia","27-Mathematics and Statistics",University
13050,British Columbia,Kamloops,"Bachelor of Arts in Mathematics and Economics","http://www.tru.ca/programs/catalogue/mathematics-and-economics-major.html","Thompson Rivers University","27-Mathematics and Statistics",University
21787,Alberta,Camrose,"Bachelor of Arts in Mathematics and Physics","https://apps.admissions.ualberta.ca/programs/au/au510/mathph1m","University of Alberta","27-Mathematics and Statistics",University
8903,British Columbia,Abbotsford,"Bachelor of Arts in Mathematics and Statistics","https://www.ufv.ca/math/programs/major-extended-minor/","University of the Fraser Valley","27-Mathematics and Statistics",University
18509,Manitoba,Winnipeg,"Bachelor of Arts in Mathematics and Statistics","http://www.uwinnipeg.ca/index/math-stats-index","University of Winnipeg","27-Mathematics and Statistics",University
9063,Ontario,Thunder Bay,"Bachelor of Arts in Mathematics,  (3 Years)","https://www.lakeheadu.ca/academics/undergraduate-programs/thunder-bay/math/node/3597","Lakehead University","27-Mathematics and Statistics",University
2431,Newfoundland and Labrador,St. John's,"Bachelor of Arts in Pure Mathematics","https://www.mun.ca/undergrad/programs/science/pure-math.php","Memorial University of Newfoundland","27-Mathematics and Statistics",University
27505,New Brunswick,Saint John,"Bachelor of Arts in Statistics","https://www.unb.ca/academics/programs/arts/statistics.html","University of New Brunswick","27-Mathematics and Statistics",University
27841,British Columbia,Victoria,"Bachelor of Arts in Statistics","https://www.uvic.ca/science/math-statistics/future-students/undergraduate/index.php","University of Victoria","27-Mathematics and Statistics",University
8454,Ontario,Toronto,"Bachelor of Arts in Statistics","http://futurestudents.yorku.ca/program/statistics","York University","27-Mathematics and Statistics",University
20709,Newfoundland and Labrador,St. John's,"Bachelor of Arts in Statistics","https://www.mun.ca/undergrad/programs/science/stats.php","Memorial University of Newfoundland","27-Mathematics and Statistics",University
34758,Manitoba,Winnipeg,"Bachelor of Arts in Statistics - Data Science stream","https://www.uwinnipeg.ca/mathstats/our-courses-and-programs/statistics-program.html","University of Winnipeg","27-Mathematics and Statistics",University
27019,Alberta,Edmonton,"Bachelor of Arts with Honors in Mathematics","https://apps.admissions.ualberta.ca/programs/ar/ar530/matar3","University of Alberta","27-Mathematics and Statistics",University
25338,Manitoba,Winnipeg,"Bachelor of Arts with Major in Mathematics (3-year)","https://www.cmu.ca/academics/math/programs","Canadian Mennonite University","27-Mathematics and Statistics",University
25339,Manitoba,Winnipeg,"Bachelor of Arts with Major in Mathematics (4-year)","https://www.cmu.ca/academics/math/programs","Canadian Mennonite University","27-Mathematics and Statistics",University
38066,Manitoba,Winnipeg,"Bachelor of Arts with a Major in Applied Mathematics Concentration in Arts & Science","https://www.cmu.ca/academics/sciences/programs","Canadian Mennonite University","27-Mathematics and Statistics",University
38059,Manitoba,Winnipeg,"Bachelor of Arts with a Major in Arts and Science with Mathematics Concentration","https://www.cmu.ca/academics/artsscience/programs","Canadian Mennonite University","27-Mathematics and Statistics",University
41256,Prince Edward Island,Charlottetown,"Bachelor of Mathematical and Computational Sciences in Analytics with specialization in Business Analytics","http://upei.ca/programs/analytics","University of Prince Edward Island","27-Mathematics and Statistics",University
48860,Prince Edward Island,Charlottetown,"Bachelor of Mathematical and Computational Sciences in Analytics with specialization in Data Analytics","http://upei.ca/programs/analytics","University of Prince Edward Island","27-Mathematics and Statistics",University
41378,Prince Edward Island,Charlottetown,"Bachelor of Mathematical and Computational Sciences with a Major in Actuarial Science","http://upei.ca/programs/actuarial-science","University of Prince Edward Island","27-Mathematics and Statistics",University
19575,Ontario,Ottawa,"Bachelor of Mathematics","http://admissions.carleton.ca/programs/mathematics/","Carleton University","27-Mathematics and Statistics",University
48348,Ontario,Waterloo,"Bachelor of Mathematics (Computer Science)","http://ugradcalendar.uwaterloo.ca/page/MATH-Bachelor-of-Mathematics-Computer-Science-1","University of Waterloo","27-Mathematics and Statistics",University
48239,Ontario,Waterloo,"Bachelor of Mathematics in Actuarial Science","http://ugradcalendar.uwaterloo.ca/page/MATH-Actuarial-Science1","University of Waterloo","27-Mathematics and Statistics",University
39002,Ontario,Ottawa,"Bachelor of Mathematics in Actuarial Science","http://admissions.carleton.ca/programs/actuarial-science/","Carleton University","27-Mathematics and Statistics",University
52710,Ontario,Waterloo,"Bachelor of Mathematics in Applied Mathematics","http://ugradcalendar.uwaterloo.ca/group/MATH-Applied-Mathematics-1","University of Waterloo","27-Mathematics and Statistics",University
52711,Ontario,Waterloo,"Bachelor of Mathematics in Applied Mathematics - Biology Specialization","http://ugradcalendar.uwaterloo.ca/page/Math-Applied-Mathematics-Specializations","University of Waterloo","27-Mathematics and Statistics",University
52712,Ontario,Waterloo,"Bachelor of Mathematics in Applied Mathematics - Economics Specialization","http://ugradcalendar.uwaterloo.ca/page/MATH-AM-Economics-Specialization","University of Waterloo","27-Mathematics and Statistics",University
52713,Ontario,Waterloo,"Bachelor of Mathematics in Applied Mathematics - Engineering Specialization: Fluids and Heat","http://ugradcalendar.uwaterloo.ca/page/MATH-AM-Engineering-Specialization-Fluid-and-Heat","University of Waterloo","27-Mathematics and Statistics",University
52716,Ontario,Waterloo,"Bachelor of Mathematics in Applied Mathematics - Engineering Specialization: Heat and Mass Transfer","http://ugradcalendar.uwaterloo.ca/page/MATH-AM-Eng-Specialization-Heat-and-Mass-Transfer","University of Waterloo","27-Mathematics and Statistics",University
52708,Ontario,Waterloo,"Bachelor of Mathematics in Applied Mathematics - Physics Specialization","http://ugradcalendar.uwaterloo.ca/page/MATH-AM-Physics-Specialization","University of Waterloo","27-Mathematics and Statistics",University
52728,Ontario,Waterloo,"Bachelor of Mathematics in Computational Mathematics","http://ugradcalendar.uwaterloo.ca/page/MATH-Computational-Mathematics-Degree-Requirements","University of Waterloo","27-Mathematics and Statistics",University
35267,Ontario,Ottawa,"Bachelor of Mathematics in Computational and Applied Mathematics and Statistics","http://admissions.carleton.ca/programs/computational-and-applied-mathematics-and-statistics/","Carleton University","27-Mathematics and Statistics",University
52718,Ontario,Waterloo,"Bachelor of Mathematics in Data Science","http://ugradcalendar.uwaterloo.ca/page/MATH-Data-Science1","University of Waterloo","27-Mathematics and Statistics",University
48257,Ontario,Waterloo,"Bachelor of Mathematics in Mathematical Finance","http://ugradcalendar.uwaterloo.ca/page/MATH-Actuarial-Science-Mathematical-Finance1","University of Waterloo","27-Mathematics and Statistics",University
19567,Ontario,Ottawa,"Bachelor of Mathematics in Statistics","http://admissions.carleton.ca/programs/statistics/","Carleton University","27-Mathematics and Statistics",University
22816,Prince Edward Island,Charlottetown,"Bachelor of Science  with Major in Actuarial Science with Pre-professional Specialization","http://upei.ca/programs/actuarial-science","University of Prince Edward Island","27-Mathematics and Statistics",University
33929,Ontario,Oshawa,"Bachelor of Science (Honours) in Applied and Industrial Mathematics","http://uoit.ca/programs/science/applied-and-industrial-mathematics-regular-and-co-op.php","OntarioTech University","27-Mathematics and Statistics",University
27020,Alberta,Edmonton,"Bachelor of Science - Business Minor in Mathematics","https://apps.admissions.ualberta.ca/programs/sc/sc011/math58","University of Alberta","27-Mathematics and Statistics",University
26950,Alberta,Edmonton,"Bachelor of Science - Business Minor in Statistics","https://apps.admissions.ualberta.ca/programs/sc/sc011/stat20","University of Alberta","27-Mathematics and Statistics",University
43560,Nova Scotia,Sydney,"Bachelor of Science - Major in Mathematics","https://www.cbu.ca/academic-programs/program/mathematics/","Cape Breton University","27-Mathematics and Statistics",University
52940,Alberta,Edmonton,"Bachelor of Science - Mathematics Concentration","https://concordia.ab.ca/science/bachelor/mathematics/","Concordia University of Edmonton","27-Mathematics and Statistics",University
6345,Alberta,Edmonton,"Bachelor of Science - Mathematics Major","https://concordia.ab.ca/science/bachelor/mathematics/","Concordia University of Edmonton","27-Mathematics and Statistics",University
32864,Ontario,Ancaster,"Bachelor of Science - Mathematics Minor","https://www.redeemer.ca/programs/mathematics/","Redeemer University College","27-Mathematics and Statistics",University
43561,Nova Scotia,Sydney,"Bachelor of Science - Minor in Mathematics","https://www.cbu.ca/academic-programs/program/mathematics/","Cape Breton University","27-Mathematics and Statistics",University
27025,Alberta,Edmonton,"Bachelor of Science General in Mathematics","https://apps.admissions.ualberta.ca/programs/sc/sc010/math56","University of Alberta","27-Mathematics and Statistics",University
1289,Alberta,Edmonton,"Bachelor of Science General in Statistics","https://apps.admissions.ualberta.ca/programs/sc/sc010/stat25","University of Alberta","27-Mathematics and Statistics",University
47767,British Columbia,Surrey,"Bachelor of Science Major in Applications of Mathematics (also: Honours)","https://www.kpu.ca/calendar/2018-19/science-hort/mathematics/mathematicsapplications-major.html","Kwantlen Polytechnic University","27-Mathematics and Statistics",University
2487,Newfoundland and Labrador,St. John's,"Bachelor of Science in Applied Mathematics","https://www.mun.ca/undergrad/programs/science/applied-math.php","Memorial University of Newfoundland","27-Mathematics and Statistics",University
41504,Manitoba,Winnipeg,"Bachelor of Science in Applied Mathematics","http://www.sci.umanitoba.ca/undergraduate-students/programs/mathematics/","University of Manitoba","27-Mathematics and Statistics",University
47171,Alberta,Athabasca,"Bachelor of Science in Applied Mathematics","http://www.athabascau.ca/programs/summary/bachelor-of-science-in-applied-mathematics/","Athabasca University","27-Mathematics and Statistics",University
6865,Manitoba,Winnipeg,"Bachelor of Science in Applied Mathematics with Computer Science Option","http://umanitoba.ca/student/admissions/programs/applied-mathematics.html","University of Manitoba","27-Mathematics and Statistics",University
28371,Manitoba,Winnipeg,"Bachelor of Science in Applied Mathematics with Economics Option","http://umanitoba.ca/student/admissions/programs/applied-mathematics.html","University of Manitoba","27-Mathematics and Statistics",University
28373,Manitoba,Winnipeg,"Bachelor of Science in Applied Mathematics with Statistics Option","http://umanitoba.ca/student/admissions/programs/applied-mathematics.html","University of Manitoba","27-Mathematics and Statistics",University
36946,Alberta,Lethbridge,"Bachelor of Science in Applied Statistics","https://www.uleth.ca/future-student/program/applied-statistics","University of Lethbridge","27-Mathematics and Statistics",University
29943,Ontario,Toronto,"Bachelor of Science in Computational Mathematics","http://futurestudents.yorku.ca/program/mathematics/science","York University","27-Mathematics and Statistics",University
2482,Newfoundland and Labrador,Corner Brook,"Bachelor of Science in Computational Mathematics (Grenfell)","https://www.grenfell.mun.ca/academics-and-research/Pages/school-of-science-and-the-environment/Undergraduate%20Programs/Computational-Mathematics.aspx","Memorial University of Newfoundland","27-Mathematics and Statistics",University
7739,British Columbia,Victoria,"Bachelor of Science in Computer Science and Statistics","http://www.uvic.ca/science/math-statistics/future-students/undergraduate/programs/index.php","University of Victoria","27-Mathematics and Statistics",University
10412,Nova Scotia,Antigonish,"Bachelor of Science in Math & Statistics","https://www.stfx.ca/academics/science/math-and-statistics","St. Francis Xavier University","27-Mathematics and Statistics",University
50268,Ontario,Peterborough,"Bachelor of Science in Mathematical (Honours ) with Specialization in Statistics","https://www.trentu.ca/futurestudents/specialization/statistics?target=undergraduate","Trent University","27-Mathematics and Statistics",University
50267,Ontario,Peterborough,"Bachelor of Science in Mathematical (Honours) with Specialization in Mathematical Finance","https://www.trentu.ca/futurestudents/specialization/mathematical-finance?target=undergraduate","Trent University","27-Mathematics and Statistics",University
6493,Ontario,Guelph,"Bachelor of Science in Mathematical Science","https://admission.uoguelph.ca/bsc/ms","University of Guelph","27-Mathematics and Statistics",University
5394,British Columbia,Kelowna,"Bachelor of Science in Mathematical Sciences - Okanagan","http://you.ubc.ca/ubc_programs/mathematical-sciences-okanagan/","University of British Columbia","27-Mathematics and Statistics",University
2667,Nova Scotia,Halifax,"Bachelor of Science in Mathematics","http://www.msvu.ca/en/home/programsdepartments/bachelorofscience/mathematics/default.aspx","Mount Saint Vincent University","27-Mathematics and Statistics",University
46046,British Columbia,Vancouver,"Bachelor of Science in Mathematics","http://you.ubc.ca/ubc_programs/mathematics-vancouver-bsc/","University of British Columbia","27-Mathematics and Statistics",University
13012,British Columbia,Kamloops,"Bachelor of Science in Mathematics","http://www.tru.ca/science/programs/math/programs.html","Thompson Rivers University","27-Mathematics and Statistics",University
6856,Manitoba,Winnipeg,"Bachelor of Science in Mathematics","http://umanitoba.ca/student/admissions/programs/science-mathematics.html","University of Manitoba","27-Mathematics and Statistics",University
7130,British Columbia,Prince George,"Bachelor of Science in Mathematics","https://www.unbc.ca/calendar/undergraduate/mathematics-and-statistics","University of Northern British Columbia","27-Mathematics and Statistics",University
7546,British Columbia,Langley,"Bachelor of Science in Mathematics","https://www.twu.ca/academics/faculty-natural-applied-sciences/mathematics","Trinity Western University","27-Mathematics and Statistics",University
27838,British Columbia,Victoria,"Bachelor of Science in Mathematics","http://www.uvic.ca/science/math-statistics/future-students/undergraduate/index.php","University of Victoria","27-Mathematics and Statistics",University
8227,Ontario,Toronto,"Bachelor of Science in Mathematics","http://futurestudents.yorku.ca/program/mathematics/science","York University","27-Mathematics and Statistics",University
9184,Alberta,Lethbridge,"Bachelor of Science in Mathematics","http://www.uleth.ca/artsci/math-computer-science/programs","University of Lethbridge","27-Mathematics and Statistics",University
48701,Ontario,Peterborough,"Bachelor of Science in Mathematics","https://www.trentu.ca/futurestudents/degree/mathematics?target=undergraduate","Trent University","27-Mathematics and Statistics",University
50573,Ontario,North Bay,"Bachelor of Science in Mathematics  (Specialization)","http://academiccalendar.nipissingu.ca/~/Catalog/ViewCatalog.aspx?pageid=viewcatalog&catalogid=5&topicgroupid=2109","Nipissing University","27-Mathematics and Statistics",University
28815,Ontario,North Bay,"Bachelor of Science in Mathematics (Honours Specialization)","http://academiccalendar.nipissingu.ca/~/Catalog/ViewCatalog.aspx?pageid=viewcatalog&catalogid=5&topicgroupid=2108","Nipissing University","27-Mathematics and Statistics",University
23341,Ontario,North Bay,"Bachelor of Science in Mathematics (Major)","http://academiccalendar.nipissingu.ca/~/Catalog/ViewCatalog.aspx?pageid=viewcatalog&catalogid=5&topicgroupid=2110","Nipissing University","27-Mathematics and Statistics",University
35610,New Brunswick,Saint John,"Bachelor of Science in Mathematics (Saint John)","https://www.unb.ca/academics/programs/science/mathematics.html","University of New Brunswick","27-Mathematics and Statistics",University
4709,Manitoba,Winnipeg,"Bachelor of Science in Mathematics (available Honours)","https://www.uwinnipeg.ca/mathstats/our-courses-and-programs/mathematics-program.html","University of Winnipeg","27-Mathematics and Statistics",University
7160,Ontario,Ancaster,"Bachelor of Science in Mathematics - Honours Major","https://www.redeemer.ca/programs/mathematics/","Redeemer University College","27-Mathematics and Statistics",University
7165,Ontario,Ancaster,"Bachelor of Science in Mathematics - Major","https://www.redeemer.ca/programs/mathematics/","Redeemer University College","27-Mathematics and Statistics",University
5343,British Columbia,Kelowna,"Bachelor of Science in Mathematics - Okanagan","http://you.ubc.ca/ubc_programs/mathematics-okanagan-bsc/","University of British Columbia","27-Mathematics and Statistics",University
49893,Nova Scotia,Wolfville,"Bachelor of Science in Mathematics Education (Integrated BSc and BEd)","https://www2.acadiau.ca/prg_ug_mathed.html","Acadia University","27-Mathematics and Statistics",University
4979,Manitoba,Brandon,"Bachelor of Science in Mathematics and Computer Science","https://www.brandonu.ca/future-students/programs/degrees/science/math-comp-sci/","Brandon University","27-Mathematics and Statistics",University
30380,British Columbia,Vancouver,"Bachelor of Science in Mathematics and Economics","http://you.ubc.ca/ubc_programs/mathematics-economics/","University of British Columbia","27-Mathematics and Statistics",University
2787,New Brunswick,Fredericton,"Bachelor of Science in Mathematics and Statistics","https://www.unb.ca/academics/programs/science/mathematics-and-statistics.html","University of New Brunswick","27-Mathematics and Statistics",University
4743,Nova Scotia,Wolfville,"Bachelor of Science in Mathematics and Statistics","https://www2.acadiau.ca/prg_ug_math.html","Acadia University","27-Mathematics and Statistics",University
8888,British Columbia,Abbotsford,"Bachelor of Science in Mathematics and Statistics","https://www.ufv.ca/math/programs/major-extended-minor/","University of the Fraser Valley","27-Mathematics and Statistics",University
17730,Nova Scotia,Wolfville,"Bachelor of Science in Mathematics and Statistics with Biology (Double major)","https://math.acadiau.ca/bsc-math-stats-with-biology.html","Acadia University","27-Mathematics and Statistics",University
17724,Nova Scotia,Wolfville,"Bachelor of Science in Mathematics and Statistics with Business","https://math.acadiau.ca/bsc-math-stats-with-business.html","Acadia University","27-Mathematics and Statistics",University
17727,Nova Scotia,Wolfville,"Bachelor of Science in Mathematics and Statistics with Computer Science","https://math.acadiau.ca/bsc-math-stats-with-computer-science.html","Acadia University","27-Mathematics and Statistics",University
17725,Nova Scotia,Wolfville,"Bachelor of Science in Mathematics and Statistics with Economics (Double major)","https://math.acadiau.ca/bsc-math-stats-with-economics.html","Acadia University","27-Mathematics and Statistics",University
17728,Nova Scotia,Wolfville,"Bachelor of Science in Mathematics and Statistics with Music","https://math.acadiau.ca/bsc-math-stats-with-music.html","Acadia University","27-Mathematics and Statistics",University
33875,Ontario,Toronto,"Bachelor of Science in Mathematics and its Applications","https://www.ryerson.ca/programs/undergraduate/mathematics-applications/","Ryerson University","27-Mathematics and Statistics",University
28364,Manitoba,Winnipeg,"Bachelor of Science in Mathematics with Joint Honours (Economics)","http://www.sci.umanitoba.ca/undergraduate-students/programs/mathematics/","University of Manitoba","27-Mathematics and Statistics",University
20969,British Columbia,Vancouver,"Bachelor of Science in Mathematics, concentration in Applied Mathematics","http://you.ubc.ca/ubc_programs/mathematics-vancouver-bsc/","University of British Columbia","27-Mathematics and Statistics",University
46213,British Columbia,Vancouver,"Bachelor of Science in Mathematics, concentration in Pure Mathematics","http://you.ubc.ca/ubc_programs/mathematics-vancouver-bsc/","University of British Columbia","27-Mathematics and Statistics",University
46214,British Columbia,Vancouver,"Bachelor of Science in Mathematics, concentration in Statistics","http://you.ubc.ca/ubc_programs/mathematics-vancouver-bsc/","University of British Columbia","27-Mathematics and Statistics",University
27646,Newfoundland and Labrador,St. John's,"Bachelor of Science in Pure Mathematics","http://www.mun.ca/undergrad/programs/science/pure-math.php","Memorial University of Newfoundland","27-Mathematics and Statistics",University
27647,Newfoundland and Labrador,St. John's,"Bachelor of Science in Statistics","https://www.mun.ca/undergrad/programs/science/stats.php","Memorial University of Newfoundland","27-Mathematics and Statistics",University
18513,Manitoba,Winnipeg,"Bachelor of Science in Statistics","https://www.uwinnipeg.ca/mathstats/our-courses-and-programs/statistics-program.html","University of Winnipeg","27-Mathematics and Statistics",University
20978,British Columbia,Vancouver,"Bachelor of Science in Statistics","https://you.ubc.ca/ubc_programs/statistics-vancouver/","University of British Columbia","27-Mathematics and Statistics",University
6852,Manitoba,Winnipeg,"Bachelor of Science in Statistics","http://umanitoba.ca/student/admissions/programs/statistics.html","University of Manitoba","27-Mathematics and Statistics",University
27840,British Columbia,Victoria,"Bachelor of Science in Statistics","http://www.uvic.ca/science/math-statistics/future-students/undergraduate/index.php","University of Victoria","27-Mathematics and Statistics",University
8336,Ontario,Toronto,"Bachelor of Science in Statistics","http://futurestudents.yorku.ca/program/statistics","York University","27-Mathematics and Statistics",University
2643,Nova Scotia,Halifax,"Bachelor of Science in Statistics (Minor)","https://www.msvu.ca/en/home/programsdepartments/bachelorofscience/statistics/default.aspx","Mount Saint Vincent University","27-Mathematics and Statistics",University
35614,New Brunswick,Saint John,"Bachelor of Science in Statistics (Saint John)","https://www.unb.ca/academics/programs/science/statistics.html","University of New Brunswick","27-Mathematics and Statistics",University
34774,Manitoba,Winnipeg,"Bachelor of Science in Statistics - Data Science stream","https://www.uwinnipeg.ca/mathstats/our-courses-and-programs/statistics-program.html","University of Winnipeg","27-Mathematics and Statistics",University
41453,British Columbia,Kelowna,"Bachelor of Science in Statistics - Okanagan","https://you.ubc.ca/ubc_programs/statistics-okanagan/","University of British Columbia","27-Mathematics and Statistics",University
28319,Manitoba,Winnipeg,"Bachelor of Science in Statistics with Joint Honours (Actuarial Mathematics)","http://www.sci.umanitoba.ca/undergraduate-students/programs/statistics/","University of Manitoba","27-Mathematics and Statistics",University
28356,Manitoba,Winnipeg,"Bachelor of Science in Statistics with Joint Honours (Economics)","http://www.sci.umanitoba.ca/undergraduate-students/programs/statistics/","University of Manitoba","27-Mathematics and Statistics",University
41488,Manitoba,Winnipeg,"Bachelor of Science in Statistics with Joint Honours (Mathematics)","http://www.sci.umanitoba.ca/undergraduate-students/programs/statistics/","University of Manitoba","27-Mathematics and Statistics",University
46223,British Columbia,Vancouver,"Bachelor of Science in Statistics with a minor in Commerce","https://www.stat.ubc.ca/undergraduate","University of British Columbia","27-Mathematics and Statistics",University
46222,British Columbia,Vancouver,"Bachelor of Science in Statistics with a minor in Economics","https://www.stat.ubc.ca/undergraduate","University of British Columbia","27-Mathematics and Statistics",University
41946,British Columbia,Vancouver,"Bachelor of Science with Combined Major in Economics and Statistics","https://www.stat.ubc.ca/undergraduate","University of British Columbia","27-Mathematics and Statistics",University
1278,Alberta,Edmonton,"Bachelor of Science with Honors Applied Mathematics with Computing Science Minor","https://apps.admissions.ualberta.ca/programs/sc/sc030/apmac1","University of Alberta","27-Mathematics and Statistics",University
38357,Alberta,Edmonton,"Bachelor of Science with Honors in Applied Mathematics","https://apps.admissions.ualberta.ca/programs/sc/sc030/apma1","University of Alberta","27-Mathematics and Statistics",University
26909,Alberta,Edmonton,"Bachelor of Science with Honors in Applied Mathematics with Statistics Minor","https://apps.admissions.ualberta.ca/programs/sc/sc030/apmas1","University of Alberta","27-Mathematics and Statistics",University
1279,Alberta,Edmonton,"Bachelor of Science with Honors in Mathematical Physics","https://apps.admissions.ualberta.ca/programs/sc/sc030/mathp1","University of Alberta","27-Mathematics and Statistics",University
27026,Alberta,Edmonton,"Bachelor of Science with Honors in Mathematics","https://apps.admissions.ualberta.ca/programs/sc/sc030/math2","University of Alberta","27-Mathematics and Statistics",University
26911,Alberta,Edmonton,"Bachelor of Science with Honors in Mathematics and Economics","https://apps.admissions.ualberta.ca/programs/sc/sc030/matec2","University of Alberta","27-Mathematics and Statistics",University
27028,Alberta,Edmonton,"Bachelor of Science with Honors in Mathematics and Finance","https://apps.admissions.ualberta.ca/programs/sc/sc030/matfn2","University of Alberta","27-Mathematics and Statistics",University
27022,Alberta,Edmonton,"Bachelor of Science with Honors in Mathematics with Computing Science Minor","https://apps.admissions.ualberta.ca/programs/sc/sc030/mathc1","University of Alberta","27-Mathematics and Statistics",University
1270,Alberta,Edmonton,"Bachelor of Science with Honors in Statistics","https://apps.admissions.ualberta.ca/programs/sc/sc030/stat2","University of Alberta","27-Mathematics and Statistics",University
28975,Prince Edward Island,Charlottetown,"Bachelor of Science with Honours in Mathematics.","http://upei.ca/programs/mathematics","University of Prince Edward Island","27-Mathematics and Statistics",University
3532,Prince Edward Island,Charlottetown,"Bachelor of Science with Honours, Major or Minor in Statistics","http://upei.ca/programs/statistics","University of Prince Edward Island","27-Mathematics and Statistics",University
25349,Manitoba,Winnipeg,"Bachelor of Science with Major in Mathematics (3-year)","https://www.cmu.ca/academics/math/programs","Canadian Mennonite University","27-Mathematics and Statistics",University
25348,Manitoba,Winnipeg,"Bachelor of Science with Major in Mathematics (4-year)","https://www.cmu.ca/academics/math/programs","Canadian Mennonite University","27-Mathematics and Statistics",University
3568,Prince Edward Island,Charlottetown,"Bachelor of Science with Major or Minor in Mathematics","http://upei.ca/programs/mathematics","University of Prince Edward Island","27-Mathematics and Statistics",University
21722,Alberta,Edmonton,"Bachelor of Science with Specialization in Mathematics","https://apps.admissions.ualberta.ca/programs/sc/sc020/math1","University of Alberta","27-Mathematics and Statistics",University
26912,Alberta,Edmonton,"Bachelor of Science with Specialization in Mathematics and Economics","https://apps.admissions.ualberta.ca/programs/sc/sc020/matec1","University of Alberta","27-Mathematics and Statistics",University
26913,Alberta,Edmonton,"Bachelor of Science with Specialization in Mathematics and Finance","https://apps.admissions.ualberta.ca/programs/sc/sc020/matfn1","University of Alberta","27-Mathematics and Statistics",University
26828,Alberta,Edmonton,"Bachelor of Science with Specialization in Statistics","https://apps.admissions.ualberta.ca/programs/sc/sc020/stat1","University of Alberta","27-Mathematics and Statistics",University
41248,Prince Edward Island,Charlottetown,"Bachelor of Science with a Major in Financial Mathematics","http://upei.ca/programs/financial-mathematics","University of Prince Edward Island","27-Mathematics and Statistics",University
31004,Nova Scotia,Halifax,"Certificate in Actuarial and Financial Mathematics","https://www.dal.ca/faculty/science/programs/diploma-certificate-programs/actuarial-and-financial-mathematics1.html","Dalhousie University","27-Mathematics and Statistics",University
30987,Nova Scotia,Halifax,"Certificate in Applied and Computational Mathematics","https://www.dal.ca/faculty/science/programs/diploma-certificate-programs/applied-and-computational-mathematics.html","Dalhousie University","27-Mathematics and Statistics",University
21985,Nova Scotia,Halifax,"Certificate in Aquaculture and the Environment","https://www.dal.ca/faculty/science/programs/diploma-certificate-programs/aquaculture.html","Dalhousie University","27-Mathematics and Statistics",University
46212,British Columbia,Vancouver,"Combined Major in Science","http://www.calendar.ubc.ca/vancouver/index.cfm?tree=12,215,410,1474#18859","University of British Columbia","27-Mathematics and Statistics",University
21138,British Columbia,Burnaby,"Data Science Major (Bachelor of Science)","http://www.sfu.ca/students/calendar/2018/summer/programs/data-science/major/bachelor-of-science.html","Simon Fraser University","27-Mathematics and Statistics",University
35548,Ontario,Guelph,"Diploma in Applied Statistics","https://mathstat.uoguelph.ca/diploma","University of Guelph","27-Mathematics and Statistics",University
46334,British Columbia,Vancouver,"Double Major in Science","http://www.calendar.ubc.ca/vancouver/index.cfm?tree=12,215,410,1468","University of British Columbia","27-Mathematics and Statistics",University
11251,Ontario,London,"Honors Specialization in Actuarial Science","https://www.uwo.ca/stats/undergraduate/program-modules.html","University of Western Ontario","27-Mathematics and Statistics",University
11261,Ontario,London,"Honors Specialization in Applied Mathematics","https://www.uwo.ca/apmaths/undergraduate/program_information/program_modules.html","University of Western Ontario","27-Mathematics and Statistics",University
27945,Ontario,London,"Honors Specialization in Mathematical Sciences","http://www.apmaths.uwo.ca/undergraduate/program_information/program_modules.html","University of Western Ontario","27-Mathematics and Statistics",University
27995,Ontario,London,"Honors Specialization in Statistics","https://www.uwo.ca/stats/undergraduate/program-modules.html","University of Western Ontario","27-Mathematics and Statistics",University
51246,Ontario,Waterloo,"Honours Bachelor of Applied Mathematics in Applied Mathematics with Scientific Computing","http://ugradcalendar.uwaterloo.ca/page/MATH-AM-Degree-Requirements-Applied-Math-Sci-Comp","University of Waterloo","27-Mathematics and Statistics",University
48371,Ontario,Waterloo,"Honours Bachelor of Applied Mathematics in Control and Dynamical Systems","https://uwaterloo.ca/applied-mathematics/research-areas/control-and-dynamical-systems","University of Waterloo","27-Mathematics and Statistics",University
48398,Ontario,Waterloo,"Honours Bachelor of Applied Mathematics in Fluid Mechanics","https://uwaterloo.ca/applied-mathematics/research-areas/fluid-mechanics","University of Waterloo","27-Mathematics and Statistics",University
28188,Ontario,Waterloo,"Honours Bachelor of Applied Mathematics in Math and Climate Change","https://uwaterloo.ca/applied-mathematics/research-areas/math-and-climate-change-uwaterloo","University of Waterloo","27-Mathematics and Statistics",University
28164,Ontario,Waterloo,"Honours Bachelor of Applied Mathematics in Mathematics of Data Science and Machine Learning","https://uwaterloo.ca/applied-mathematics/research-links/research-groups/mathematics-of-data-science","University of Waterloo","27-Mathematics and Statistics",University
48351,Ontario,Waterloo,"Honours Bachelor of Applied Mathematics in Scientific Computing","https://uwaterloo.ca/applied-mathematics/research-areas/scientific-computing","University of Waterloo","27-Mathematics and Statistics",University
7012,Manitoba,Winnipeg,"Honours Bachelor of Commerce in Actuarial Mathematics","http://umanitoba.ca/student/admissions/programs/actuarial-mathematics-asper.html","University of Manitoba","27-Mathematics and Statistics",University
28227,Ontario,Waterloo,"Honours Bachelor of Mathematical Studies - Business Specialization","http://ugradcalendar.uwaterloo.ca/page/MATH-MS-Business-Specialization","University of Waterloo","27-Mathematics and Statistics",University
51252,Ontario,Waterloo,"Honours Bachelor of Mathematical Studies - Mathematical Studies","http://ugradcalendar.uwaterloo.ca/page/MATH-MS-Degree-Requirements-Mathematical-Studies","University of Waterloo","27-Mathematics and Statistics",University
4559,Ontario,Waterloo,"Honours Bachelor of Mathematics in Applied Mathematics (9 plans)","http://ugradcalendar.uwaterloo.ca/page/MATH-List-of-Academic-Programs-or-Plans","University of Waterloo","27-Mathematics and Statistics",University
51242,Ontario,Waterloo,"Honours Bachelor of Mathematics in Applied Mathematics - Joint Applied Mathematics","http://ugradcalendar.uwaterloo.ca/page/MATH-AM-Degree-Requirements-Joint-Applied-Math","University of Waterloo","27-Mathematics and Statistics",University
4572,Ontario,Waterloo,"Honours Bachelor of Mathematics in Combinatorics and Optimization","http://ugradcalendar.uwaterloo.ca/page/MATH-Combinatorics-and-Optimization2","University of Waterloo","27-Mathematics and Statistics",University
51243,Ontario,Waterloo,"Honours Bachelor of Mathematics in Combinatorics and Optimization - Joint Combinatorics and Optimization","http://ugradcalendar.uwaterloo.ca/page/MATH-Joint-Combinatorics-and-Optimization1","University of Waterloo","27-Mathematics and Statistics",University
51245,Ontario,Waterloo,"Honours Bachelor of Mathematics in Combinatorics and Optimization, Mathematical Optimization (Business and Operations Research Specializations)","http://ugradcalendar.uwaterloo.ca/page/MATH-List-of-Academic-Programs-or-Plans","University of Waterloo","27-Mathematics and Statistics",University
28238,Ontario,Waterloo,"Honours Bachelor of Mathematics in Computational Mathematics","http://ugradcalendar.uwaterloo.ca/page/MATH-Computational-Mathematics1","University of Waterloo","27-Mathematics and Statistics",University
28239,Ontario,Waterloo,"Honours Bachelor of Mathematics in Mathematical Studies","http://ugradcalendar.uwaterloo.ca/page/MATH-MS-Degree-Requirements-Mathematical-Studies","University of Waterloo","27-Mathematics and Statistics",University
28150,Ontario,Waterloo,"Honours Bachelor of Mathematics in Pure Mathematics","http://ugradcalendar.uwaterloo.ca/page/MATH-Pure-Mathematics1","University of Waterloo","27-Mathematics and Statistics",University
4575,Ontario,Waterloo,"Honours Bachelor of Mathematics in Pure Mathematics - Joint Pure Mathematics","http://ugradcalendar.uwaterloo.ca/page/MATH-Joint-Pure-Mathematics1","University of Waterloo","27-Mathematics and Statistics",University
4578,Ontario,Waterloo,"Honours Bachelor of Mathematics in Statistics (3 Plans)","http://ugradcalendar.uwaterloo.ca/page/MATH-Statistics1","University of Waterloo","27-Mathematics and Statistics",University
51251,Ontario,Waterloo,"Honours Bachelor of Mathematics in Statistics - Data Science","http://ugradcalendar.uwaterloo.ca/page/MATH-Data-Science1","University of Waterloo","27-Mathematics and Statistics",University
51248,Ontario,Waterloo,"Honours Bachelor of Mathematics in Statistics - Joint Statistics","http://ugradcalendar.uwaterloo.ca/page/MATH-Joint-Statistics1","University of Waterloo","27-Mathematics and Statistics",University
28171,Ontario,Waterloo,"Honours Bachelor of Mathematics/Business in Business Administration and Mathematics Double Degree","http://ugradcalendar.uwaterloo.ca/page/MATH-Business-Admin-and-Mathematics-Double-Degree","University of Waterloo","27-Mathematics and Statistics",University
28146,Ontario,Waterloo,"Honours Bachelor of Mathematics/Business in Mathematical Economics","http://ugradcalendar.uwaterloo.ca/page/MATH-Mathematical-Economics-Degree-Requirements","University of Waterloo","27-Mathematics and Statistics",University
23212,Manitoba,Winnipeg,"Honours Bachelor of Science in Actuarial Mathematics","http://umanitoba.ca/student/admissions/programs/3150.html","University of Manitoba","27-Mathematics and Statistics",University
28376,Manitoba,Winnipeg,"Honours Bachelor of Science in Mathematics","http://umanitoba.ca/student/admissions/programs/science-mathematics.html","University of Manitoba","27-Mathematics and Statistics",University
28383,Manitoba,Winnipeg,"Honours Bachelor of Science in Statistics","http://umanitoba.ca/student/admissions/programs/statistics.html","University of Manitoba","27-Mathematics and Statistics",University
11254,Ontario,London,"Honours Specialization in Integrated Science with Mathematics","http://welcome.uwo.ca/programs/programs_by_faculty/science.html","University of Western Ontario","27-Mathematics and Statistics",University
27970,Ontario,London,"Honours Specialization in Mathematics","http://www.math.uwo.ca/","University of Western Ontario","27-Mathematics and Statistics",University
11260,Ontario,London,"Honours Specialization in Mathematics in Society","http://www.math.uwo.ca/","University of Western Ontario","27-Mathematics and Statistics",University
51234,Ontario,Waterloo,"Joint Honours Bachelor of Computer Science and Bachelor of Mathematics in Combinatorics and Optimization","","University of Waterloo","27-Mathematics and Statistics",University
51247,Ontario,Waterloo,"Joint Honours Bachelor of Mathematics in Applied Mathematics","http://ugradcalendar.uwaterloo.ca/page/MATH-AM-Degree-Requirements-Joint-Applied-Math","University of Waterloo","27-Mathematics and Statistics",University
51237,Ontario,Waterloo,"Joint Honours Bachelor of Mathematics in Pure Mathematics","http://ugradcalendar.uwaterloo.ca/page/MATH-Joint-Pure-Mathematics1","University of Waterloo","27-Mathematics and Statistics",University
51240,Ontario,Waterloo,"Joint Honours Bachelor of Statistics in Joint Statistics","http://ugradcalendar.uwaterloo.ca/page/MATH-Joint-Statistics1","University of Waterloo","27-Mathematics and Statistics",University
11213,Ontario,London,"Major in Actuarial Science","https://www.uwo.ca/stats/undergraduate/program-modules.html","University of Western Ontario","27-Mathematics and Statistics",University
41674,Ontario,London,"Major in Applied Mathematics","https://www.uwo.ca/apmaths/undergraduate/program_information/program_modules.html","University of Western Ontario","27-Mathematics and Statistics",University
11199,Ontario,London,"Major in Applied Statistics","https://www.uwo.ca/stats/undergraduate/program-modules.html","University of Western Ontario","27-Mathematics and Statistics",University
27947,Ontario,London,"Major in Mathematical","http://www.math.uwo.ca/","University of Western Ontario","27-Mathematics and Statistics",University
27946,Ontario,London,"Major in Mathematical Methods","http://www.apmaths.uwo.ca/undergraduate/program_information/program_modules.html","University of Western Ontario","27-Mathematics and Statistics",University
27949,Ontario,London,"Major in Scientific Computing and Numerical Methods","https://www.uwo.ca/apmaths/undergraduate/program_information/program_modules.html","University of Western Ontario","27-Mathematics and Statistics",University
180,Ontario,Toronto,"Mathematical Applications in Economics and Finance","http://www.future.utoronto.ca/undergraduate-programs/mathematical-applications-in-economics-and-finance","University of Toronto","27-Mathematics and Statistics",University
35675,British Columbia,Burnaby,"Mathematical Physics Honours (Bachelor of Science)","http://www.sfu.ca/math.html","Simon Fraser University","27-Mathematics and Statistics",University
40563,Ontario,Hamilton,"Mathematical Science (B.Sc.)","https://academiccalendars.romcmaster.ca/preview_program.php?catoid=32&poid=18583&returnto=6690","McMaster University","27-Mathematics and Statistics",University
21603,Ontario,Mississauga,"Mathematical Sciences","http://www.future.utoronto.ca/undergraduate-programs/mathematical-sciences","University of Toronto","27-Mathematics and Statistics",University
20970,British Columbia,Vancouver,"Mathematical Sciences","http://you.ubc.ca/ubc_programs/mathematical-sciences-vancouver/","University of British Columbia","27-Mathematics and Statistics",University
445,Ontario,Toronto,"Mathematics","http://www.future.utoronto.ca/undergraduate-programs/mathematics","University of Toronto","27-Mathematics and Statistics",University
4865,Quebec,Sherbrooke,"Mathematics","http://www.ubishops.ca/academic-programs/faculty-of-arts-and-science/natural-sciences-and-mathematics/mathematics/","Bishop's University","27-Mathematics and Statistics",University
10687,Saskatchewan,Saskatoon,"Mathematics","https://grad.usask.ca/programs/mathematics.php","University of Saskatchewan","27-Mathematics and Statistics",University
35352,British Columbia,Burnaby,"Mathematics","https://alexandercollege.ca/programs-and-courses/subject-areas/mathematics/","Alexander College","27-Mathematics and Statistics",University
35352,British Columbia,Vancouver,"Mathematics","https://alexandercollege.ca/programs-and-courses/subject-areas/mathematics/","Alexander College","27-Mathematics and Statistics",University
8834,Nova Scotia,Halifax,"Mathematics (BSc)","https://www.dal.ca/academics/programs/undergraduate/mathematics.html","Dalhousie University","27-Mathematics and Statistics",University
11446,Ontario,Windsor,"Mathematics (General and Honours)","http://www.uwindsor.ca/studentrecruitment/386/mathematics-general-and-honours","University of Windsor","27-Mathematics and Statistics",University
46468,Ontario,Toronto,"Mathematics (Major Co-op), Honours Bachelor of Science / Master of Teaching","http://www.sgs.utoronto.ca/calendar/Pages/Programs/Mat-Maj-Co-op-HBSc-MT.aspx","University of Toronto","27-Mathematics and Statistics",University
46461,Ontario,Toronto,"Mathematics (Major), Honours Bachelor of Science / Master of Teaching","https://sgs.calendar.utoronto.ca/combined/UTSC-Mat-(Maj)-HBSc~MT","University of Toronto","27-Mathematics and Statistics",University
46474,Ontario,Toronto,"Mathematics (Specialist Co-op), Honours Bachelor of Science / Master of Teaching","https://sgs.calendar.utoronto.ca/combined/UTSC-Mat-(Spec-Co~op)-HBSc~MT","University of Toronto","27-Mathematics and Statistics",University
46473,Ontario,Toronto,"Mathematics (Specialist), Honours Bachelor of Science / Master of Teaching","https://sgs.calendar.utoronto.ca/combined/UTSC-Mat-(Spec)-HBSc~MT","University of Toronto","27-Mathematics and Statistics",University
6683,Alberta,Edmonton,"Mathematics - Minor","https://www.kingsu.ca/programs/bachelor/mathematics","The King's University College","27-Mathematics and Statistics",University
4159,British Columbia,Burnaby,"Mathematics Major (Bachelor of Science)","http://www.sfu.ca/students/calendar/2018/summer/programs/mathematics/major/bachelor-of-science.html","Simon Fraser University","27-Mathematics and Statistics",University
30733,Ontario,Windsor,"Mathematics and Education (5-year Concurrent General Bachelor of Mathematics and Bachelor of Education)","http://www.uwindsor.ca/studentrecruitment/388/mathematics-and-education-5-year-concurrent-general-bachelor-mathematics-and-bachelor-education","University of Windsor","27-Mathematics and Statistics",University
721,Ontario,Toronto,"Mathematics and Philosophy","http://www.future.utoronto.ca/content/mathematics-and-philosophy","University of Toronto","27-Mathematics and Statistics",University
462,Ontario,Toronto,"Mathematics and Physics","http://www.future.utoronto.ca/undergraduate-programs/mathematics-and-physics","University of Toronto","27-Mathematics and Statistics",University
35361,Ontario,Hamilton,"Mathematics and Physics (H.B.Sc.)","https://academiccalendars.romcmaster.ca/preview_program.php?catoid=32&poid=18579&returnto=6690","McMaster University","27-Mathematics and Statistics",University
35359,Ontario,Hamilton,"Mathematics and Statistics (H.B.Sc.)","https://academiccalendars.romcmaster.ca/preview_program.php?catoid=32&poid=18573&returnto=6690","McMaster University","27-Mathematics and Statistics",University
40516,Ontario,Hamilton,"Mathematics and Statistics - Mathematics Sub-Plan (H.B.Sc.)","https://academiccalendars.romcmaster.ca/preview_program.php?catoid=32&poid=18575&returnto=6690","McMaster University","27-Mathematics and Statistics",University
40527,Ontario,Hamilton,"Mathematics and Statistics - Mathematics Sub-Plan Co-op (H.B.Sc.)","https://academiccalendars.romcmaster.ca/preview_program.php?catoid=32&poid=18581&returnto=6690","McMaster University","27-Mathematics and Statistics",University
40533,Ontario,Hamilton,"Mathematics and Statistics - Statistics Sub-Plan (H.B.Sc.)","https://academiccalendars.romcmaster.ca/preview_program.php?catoid=32&poid=18577&returnto=6690","McMaster University","27-Mathematics and Statistics",University
40536,Ontario,Hamilton,"Mathematics and Statistics - Statistics Sub-Plan Co-op (H.B.Sc.)","https://academiccalendars.romcmaster.ca/preview_program.php?catoid=32&poid=18584&returnto=6690","McMaster University","27-Mathematics and Statistics",University
40539,Ontario,Hamilton,"Mathematics and Statistics Co-op (H.B.Sc.)","https://academiccalendars.romcmaster.ca/preview_program.php?catoid=32&poid=18582&returnto=6690","McMaster University","27-Mathematics and Statistics",University
21358,Ontario,Hamilton,"Mathematics and Statistics Gateway","https://academiccalendars.romcmaster.ca/preview_program.php?catoid=32&poid=18531&returnto=6690","McMaster University","27-Mathematics and Statistics",University
444,Ontario,Toronto,"Mathematics and its Applications","http://www.future.utoronto.ca/undergraduate-programs/mathematics-and-its-applications","University of Toronto","27-Mathematics and Statistics",University
48154,Ontario,Waterloo,"Minor in Applied Mathematics","http://ugradcalendar.uwaterloo.ca/page/MATH-Applied-Mathematics-Minor1","University of Waterloo","27-Mathematics and Statistics",University
51235,Ontario,Waterloo,"Minor in Combinatorics and Optimization","http://ugradcalendar.uwaterloo.ca/page/MATH-Combinatorics-and-Optimization-Minor2","University of Waterloo","27-Mathematics and Statistics",University
28270,Ontario,Waterloo,"Minor in Computational Mathematics","http://ugradcalendar.uwaterloo.ca/page/MATH-Computational-Mathematics-Minor","University of Waterloo","27-Mathematics and Statistics",University
48396,Ontario,Waterloo,"Minor in Mathematics","http://ugradcalendar.uwaterloo.ca/page/MATH-Mathematics-Minor-1","University of Waterloo","27-Mathematics and Statistics",University
48567,British Columbia,Prince George,"Minor in Mathematics","https://www.unbc.ca/calendar/undergraduate/mathematics-and-statistics#math_physics","University of Northern British Columbia","27-Mathematics and Statistics",University
51606,Nova Scotia,Halifax,"Minor in Mathematics","https://academiccalendar.dal.ca/Catalog/ViewCatalog.aspx?pageid=viewcatalog&catalogid=81&chapterid=4592&topicgroupid=19538&loaduseredits=False","Dalhousie University","27-Mathematics and Statistics",University
51238,Ontario,Waterloo,"Minor in Pure Mathematics","http://ugradcalendar.uwaterloo.ca/page/MATH-Pure-Mathematics-Minor1","University of Waterloo","27-Mathematics and Statistics",University
48382,Ontario,Waterloo,"Minor in Statistics","http://ugradcalendar.uwaterloo.ca/page/MATH-Statistics-Minor","University of Waterloo","27-Mathematics and Statistics",University
48612,British Columbia,Prince George,"Minor in Statistics","https://www.unbc.ca/calendar/undergraduate/mathematics-and-statistics#math_physics","University of Northern British Columbia","27-Mathematics and Statistics",University
51556,Nova Scotia,Halifax,"Minor in Statistics","https://academiccalendar.dal.ca/Catalog/ViewCatalog.aspx?pageid=viewcatalog&catalogid=81&chapterid=4592&topicgroupid=19548&loaduseredits=False","Dalhousie University","27-Mathematics and Statistics",University
46479,Ontario,Toronto,"Physical and Mathematical Sciences (Specialist), Honours Bachelor of Science / Master of Teaching","https://sgs.calendar.utoronto.ca/combined/UTSC-Phy-Mat-Sci-(Spec)-HBSc~MT","University of Toronto","27-Mathematics and Statistics",University
41673,Ontario,London,"Specialization in Applied Mathematics","http://www.apmaths.uwo.ca/undergraduate/program_information/program_modules.html","University of Western Ontario","27-Mathematics and Statistics",University
27971,Ontario,London,"Specialization in Mathematics","http://www.math.uwo.ca/","University of Western Ontario","27-Mathematics and Statistics",University
27944,Ontario,London,"Specialization in Mathematics in Society","https://www.westerncalendar.uwo.ca/Modules.cfm?ModuleID=21061&SelectedCalendar=Pre&ArchiveID=","University of Western Ontario","27-Mathematics and Statistics",University
353,Ontario,Toronto,"Statistics","http://www.future.utoronto.ca/undergraduate-programs/statistics","University of Toronto","27-Mathematics and Statistics",University
10685,Saskatchewan,Saskatoon,"Statistics","https://artsandscience.usask.ca/math/department/about-us.php","University of Saskatchewan","27-Mathematics and Statistics",University
8806,Nova Scotia,Halifax,"Statistics (BSc)","https://www.dal.ca/academics/programs/undergraduate/stats.html","Dalhousie University","27-Mathematics and Statistics",University
4179,British Columbia,Burnaby,"Statistics Major (Bachelor of Science)","http://www.sfu.ca/students/calendar/2018/summer/programs/statistics/major/bachelor-of-science.html","Simon Fraser University","27-Mathematics and Statistics",University
